TeamAB,时间,场,比赛,列1,果
ATL,2018/10/17,客,尼克斯126-107老鹰,1,负
ATL,2018/10/19,客,灰熊131-117老鹰,2,负
ATL,2018/10/21,客,骑士111-133老鹰,3,胜
ATL,2018/10/24,主,独行侠104-111老鹰,4,胜
ATL,2018/10/27,主,公牛97-85老鹰,5,负
ATL,2018/10/29,客,76人113-92老鹰,6,负
ATL,2018/10/30,客,骑士136-114老鹰,7,负
ATL,2018/11/1,主,国王146-115老鹰,8,负
ATL,2018/11/11,客,湖人107-106老鹰,13,负
ATL,2018/11/13,客,勇士110-103老鹰,14,负
ATL,2018/11/15,客,掘金138-93老鹰,15,负
ATL,2018/11/17,客,步行者97-89老鹰,16,负
ATL,2018/11/19,主,快船127-119老鹰,17,负
ATL,2018/11/21,主,猛龙124-108老鹰,18,负
ATL,2018/11/23,主,凯尔特114-96老鹰,19,负
ATL,2018/11/25,主,黄蜂123-124老鹰,20,胜
ATL,2018/11/27,客,热火113-115老鹰,21,胜
ATL,2018/11/28,客,黄蜂108-94老鹰,22,负
ATL,2018/11/3,主,热火118-123老鹰,9,胜
ATL,2018/11/30,客,雷霆124-109老鹰,23,负
ATL,2018/11/6,客,黄蜂113-102老鹰,10,负
ATL,2018/11/7,主,尼克斯112-107老鹰,11,负
ATL,2018/11/9,主,活塞124-109老鹰,12,负
ATL,2018/12/12,客,独行侠114-107老鹰,27,负
ATL,2018/12/14,客,凯尔特129-108老鹰,28,负
ATL,2018/12/16,客,篮网144-127老鹰,29,负
ATL,2018/12/18,主,奇才110-118老鹰,30,胜
ATL,2018/12/21,客,尼克斯107-114老鹰,31,胜
ATL,2018/12/23,客,活塞95-98老鹰,32,胜
ATL,2018/12/26,主,步行者129-121老鹰,33,负
ATL,2018/12/28,客,森林狼120-123老鹰,34,胜
ATL,2018/12/29,主,骑士108-111老鹰,35,胜
ATL,2018/12/3,主,勇士128-111老鹰,24,负
ATL,2018/12/31,客,步行者116-108老鹰,36,负
ATL,2018/12/5,主,奇才131-117老鹰,25,负
ATL,2018/12/8,主,掘金98-106老鹰,26,胜
ATL,2019/1/11,客,76人121-123老鹰,42,胜
ATL,2019/1/13,主,雄鹿133-114老鹰,43,负
ATL,2019/1/15,主,雷霆126-142老鹰,44,胜
ATL,2019/1/19,主,凯尔特113-105老鹰,45,负
ATL,2019/1/2,客,奇才114-98老鹰,37,负
ATL,2019/1/21,主,魔术122-103老鹰,46,负
ATL,2019/1/23,客,公牛101-121老鹰,47,胜
ATL,2019/1/26,客,开拓者120-111老鹰,48,负
ATL,2019/1/28,客,快船118-123老鹰,49,胜
ATL,2019/1/30,客,国王135-113老鹰,50,负
ATL,2019/1/4,客,雄鹿144-112老鹰,38,负
ATL,2019/1/6,主,热火82-106老鹰,39,胜
ATL,2019/1/8,客,猛龙104-101老鹰,40,负
ATL,2019/1/9,客,篮网116-100老鹰,41,负
ATL,2019/2/1,客,爵士128-112老鹰,51,负
ATL,2019/2/10,主,魔术124-108老鹰,56,负
ATL,2019/2/12,主,湖人113-117老鹰,57,胜
ATL,2019/2/14,主,尼克斯106-91老鹰,58,负
ATL,2019/2/2,客,太阳112-118老鹰,52,胜
ATL,2019/2/22,主,活塞125-122老鹰,59,负
ATL,2019/2/23,主,太阳112-120老鹰,60,胜
ATL,2019/2/25,客,火箭119-111老鹰,61,负
ATL,2019/2/27,主,森林狼123-131老鹰,62,胜
ATL,2019/2/4,客,奇才129-137老鹰,53,胜
ATL,2019/2/7,主,猛龙119-101老鹰,54,负
ATL,2019/2/9,主,黄蜂129-120老鹰,55,负
ATL,2019/3/1,主,公牛168-161老鹰,63,负
ATL,2019/3/10,主,鹈鹕116-128老鹰,68,胜
ATL,2019/3/13,主,灰熊111-132老鹰,69,胜
ATL,2019/3/16,客,凯尔特129-120老鹰,70,负
ATL,2019/3/17,客,魔术101-91老鹰,71,负
ATL,2019/3/19,主,火箭121-105老鹰,72,负
ATL,2019/3/21,主,爵士114-117老鹰,73,胜
ATL,2019/3/23,主,76人127-129老鹰,74,胜
ATL,2019/3/26,客,鹈鹕120-130老鹰,75,胜
ATL,2019/3/29,主,开拓者118-98老鹰,76,负
ATL,2019/3/3,客,公牛118-123老鹰,64,胜
ATL,2019/3/31,主,雄鹿135-136老鹰,77,胜
ATL,2019/3/4,客,热火114-113老鹰,65,负
ATL,2019/3/6,主,马刺111-104老鹰,66,负
ATL,2019/3/9,主,篮网114-112老鹰,67,负
ATL,2019/4/10,主,步行者135-134老鹰,82,负
ATL,2019/4/2,客,马刺117-111老鹰,78,负
ATL,2019/4/3,主,76人122-130老鹰,79,胜
ATL,2019/4/5,客,魔术149-113老鹰,80,负
ATL,2019/4/7,客,雄鹿115-107老鹰,81,负
BKN,2018/10/17,客,活塞103-100篮网,1,负
BKN,2018/10/19,主,尼克斯105-107篮网,2,胜
BKN,2018/10/20,客,步行者132-112篮网,3,负
BKN,2018/10/24,客,骑士86-102篮网,4,胜
BKN,2018/10/26,客,鹈鹕117-115篮网,5,负
BKN,2018/10/28,主,勇士120-114篮网,6,负
BKN,2018/10/29,客,尼克斯115-96篮网,7,负
BKN,2018/10/31,主,活塞119-120篮网,8,胜
BKN,2018/11/10,客,勇士116-100篮网,13,负
BKN,2018/11/12,客,森林狼120-113篮网,14,负
BKN,2018/11/14,主,热火120-107篮网,15,负
BKN,2018/11/16,客,奇才104-115篮网,16,胜
BKN,2018/11/17,主,快船127-119篮网,17,负
BKN,2018/11/2,主,火箭119-111篮网,9,负
BKN,2018/11/20,客,热火92-104篮网,18,胜
BKN,2018/11/21,客,独行侠119-113篮网,19,负
BKN,2018/11/23,主,森林狼112-102篮网,20,负
BKN,2018/11/25,主,76人127-125篮网,21,负
BKN,2018/11/28,主,爵士101-91篮网,22,负
BKN,2018/11/30,主,灰熊131-125篮网,23,负
BKN,2018/11/4,主,76人97-122篮网,10,胜
BKN,2018/11/6,客,太阳82-104篮网,11,胜
BKN,2018/11/9,客,掘金110-112篮网,12,胜
BKN,2018/12/1,客,奇才102-88篮网,24,负
BKN,2018/12/12,客,76人124-127篮网,29,胜
BKN,2018/12/14,主,奇才118-125篮网,30,胜
BKN,2018/12/16,主,老鹰127-144篮网,31,胜
BKN,2018/12/18,主,湖人110-115篮网,32,胜
BKN,2018/12/19,客,公牛93-96篮网,33,胜
BKN,2018/12/21,主,步行者114-106篮网,34,负
BKN,2018/12/23,主,太阳103-111篮网,35,胜
BKN,2018/12/26,主,黄蜂132-134篮网,36,胜
BKN,2018/12/28,客,黄蜂100-87篮网,37,负
BKN,2018/12/29,客,雄鹿129-115篮网,38,负
BKN,2018/12/3,主,骑士99-97篮网,25,负
BKN,2018/12/5,主,雷霆114-112篮网,26,负
BKN,2018/12/7,主,猛龙105-106篮网,27,胜
BKN,2018/12/8,客,尼克斯104-112篮网,28,胜
BKN,2019/1/11,客,猛龙122-105篮网,44,负
BKN,2019/1/14,主,凯尔特102-109篮网,45,胜
BKN,2019/1/16,客,火箭142-145篮网,46,胜
BKN,2019/1/18,客,魔术115-117篮网,47,胜
BKN,2019/1/2,主,鹈鹕121-126篮网,39,胜
BKN,2019/1/21,主,国王94-123篮网,48,胜
BKN,2019/1/23,主,魔术110-114篮网,49,胜
BKN,2019/1/25,主,尼克斯99-109篮网,50,胜
BKN,2019/1/28,客,凯尔特112-104篮网,51,负
BKN,2019/1/29,主,公牛117-122篮网,52,胜
BKN,2019/1/31,客,马刺117-114篮网,53,负
BKN,2019/1/4,客,灰熊100-109篮网,40,胜
BKN,2019/1/6,客,公牛100-117篮网,41,胜
BKN,2019/1/7,客,凯尔特116-95篮网,42,负
BKN,2019/1/9,主,老鹰100-116篮网,43,胜
BKN,2019/2/11,客,猛龙127-125篮网,58,负
BKN,2019/2/13,客,骑士139-148篮网,59,胜
BKN,2019/2/2,客,魔术102-89篮网,54,负
BKN,2019/2/21,主,开拓者113-99篮网,60,负
BKN,2019/2/23,客,黄蜂115-117篮网,61,胜
BKN,2019/2/25,主,马刺85-101篮网,62,胜
BKN,2019/2/27,主,奇才125-116篮网,63,负
BKN,2019/2/4,主,雄鹿113-94篮网,55,负
BKN,2019/2/6,主,掘金130-135篮网,56,胜
BKN,2019/2/8,主,公牛125-106篮网,57,负
BKN,2019/3/1,主,黄蜂123-112篮网,64,负
BKN,2019/3/11,主,活塞75-103篮网,69,胜
BKN,2019/3/13,客,雷霆108-96篮网,70,负
BKN,2019/3/16,客,爵士114-98篮网,71,负
BKN,2019/3/17,客,快船119-116篮网,72,负
BKN,2019/3/19,客,国王121-123篮网,73,胜
BKN,2019/3/2,客,热火117-88篮网,65,负
BKN,2019/3/22,客,湖人106-111篮网,74,胜
BKN,2019/3/25,客,开拓者148-144篮网,75,负
BKN,2019/3/28,客,76人123-110篮网,76,负
BKN,2019/3/30,主,凯尔特96-110篮网,77,胜
BKN,2019/3/4,主,独行侠88-127篮网,66,胜
BKN,2019/3/6,主,骑士107-113篮网,67,胜
BKN,2019/3/9,客,老鹰112-114篮网,68,胜
BKN,2019/4/1,主,雄鹿131-121篮网,78,负
BKN,2019/4/10,主,热火94-113篮网,82,胜
BKN,2019/4/3,主,猛龙115-105篮网,79,负
BKN,2019/4/6,客,雄鹿128-133篮网,80,胜
BKN,2019/4/7,客,步行者96-108篮网,81,胜
BOS,2018/10/16,主,76人87-105凯尔特,1,胜
BOS,2018/10/19,客,猛龙113-101凯尔特,2,负
BOS,2018/10/20,客,尼克斯101-103凯尔特,3,胜
BOS,2018/10/22,主,魔术93-90凯尔特,4,负
BOS,2018/10/25,客,雷霆95-101凯尔特,5,胜
BOS,2018/10/27,客,活塞89-109凯尔特,6,胜
BOS,2018/10/30,主,活塞105-108凯尔特,7,胜
BOS,2018/11/1,主,雄鹿113-117凯尔特,8,胜
BOS,2018/11/11,客,开拓者100-94凯尔特,13,负
BOS,2018/11/14,主,公牛82-111凯尔特,14,胜
BOS,2018/11/16,主,猛龙116-123凯尔特,15,胜
BOS,2018/11/17,主,爵士98-86凯尔特,16,负
BOS,2018/11/19,客,黄蜂117-112凯尔特,17,负
BOS,2018/11/21,主,尼克斯117-109凯尔特,18,负
BOS,2018/11/23,客,老鹰96-114凯尔特,19,胜
BOS,2018/11/24,客,独行侠113-104凯尔特,20,负
BOS,2018/11/26,客,鹈鹕107-124凯尔特,21,胜
BOS,2018/11/3,客,步行者102-101凯尔特,9,负
BOS,2018/11/30,主,骑士95-128凯尔特,22,胜
BOS,2018/11/5,客,掘金115-107凯尔特,10,负
BOS,2018/11/8,客,太阳109-116凯尔特,11,胜
BOS,2018/11/9,客,爵士123-115凯尔特,12,负
BOS,2018/12/1,客,森林狼109-118凯尔特,23,胜
BOS,2018/12/10,主,鹈鹕100-113凯尔特,26,胜
BOS,2018/12/12,客,奇才125-130凯尔特,27,胜
BOS,2018/12/14,主,老鹰108-129凯尔特,28,胜
BOS,2018/12/15,客,活塞113-104凯尔特,29,负
BOS,2018/12/19,主,太阳111-103凯尔特,30,负
BOS,2018/12/21,主,雄鹿120-107凯尔特,31,负
BOS,2018/12/23,主,黄蜂103-119凯尔特,32,胜
BOS,2018/12/25,主,76人114-121凯尔特,33,胜
BOS,2018/12/27,客,火箭127-113凯尔特,34,负
BOS,2018/12/29,客,灰熊103-112凯尔特,35,胜
BOS,2018/12/31,客,马刺120-111凯尔特,36,负
BOS,2018/12/6,主,尼克斯100-128凯尔特,24,胜
BOS,2018/12/8,客,公牛77-133凯尔特,25,胜
BOS,2019/1/10,客,热火115-99凯尔特,41,负
BOS,2019/1/12,客,魔术105-103凯尔特,42,负
BOS,2019/1/14,客,篮网109-102凯尔特,43,负
BOS,2019/1/16,主,猛龙108-117凯尔特,44,胜
BOS,2019/1/18,主,灰熊116-122凯尔特,45,胜
BOS,2019/1/19,客,老鹰105-113凯尔特,46,胜
BOS,2019/1/2,主,森林狼102-115凯尔特,37,胜
BOS,2019/1/21,主,热火99-107凯尔特,47,胜
BOS,2019/1/23,主,骑士103-123凯尔特,48,胜
BOS,2019/1/26,主,勇士115-111凯尔特,49,负
BOS,2019/1/28,主,篮网104-112凯尔特,50,胜
BOS,2019/1/30,主,黄蜂94-126凯尔特,51,胜
BOS,2019/1/4,主,独行侠93-114凯尔特,38,胜
BOS,2019/1/7,主,篮网95-116凯尔特,39,胜
BOS,2019/1/9,主,步行者108-135凯尔特,40,胜
BOS,2019/2/1,客,尼克斯99-113凯尔特,52,胜
BOS,2019/2/12,客,76人109-112凯尔特,57,胜
BOS,2019/2/13,主,活塞110-118凯尔特,58,胜
BOS,2019/2/21,客,雄鹿98-97凯尔特,59,负
BOS,2019/2/23,客,公牛126-116凯尔特,60,负
BOS,2019/2/26,客,猛龙118-95凯尔特,61,负
BOS,2019/2/27,主,开拓者97-92凯尔特,62,负
BOS,2019/2/3,主,雷霆129-134凯尔特,53,胜
BOS,2019/2/5,客,骑士96-103凯尔特,54,胜
BOS,2019/2/7,主,湖人129-128凯尔特,55,负
BOS,2019/2/9,主,快船123-112凯尔特,56,负
BOS,2019/3/1,主,奇才96-107凯尔特,63,胜
BOS,2019/3/11,客,快船140-115凯尔特,68,负
BOS,2019/3/14,主,国王120-126凯尔特,69,胜
BOS,2019/3/16,主,老鹰120-129凯尔特,70,胜
BOS,2019/3/18,主,掘金114-105凯尔特,71,负
BOS,2019/3/20,客,76人118-115凯尔特,72,负
BOS,2019/3/23,客,黄蜂124-117凯尔特,73,负
BOS,2019/3/24,主,马刺115-96凯尔特,74,负
BOS,2019/3/26,客,骑士106-116凯尔特,75,胜
BOS,2019/3/29,主,步行者112-114凯尔特,76,胜
BOS,2019/3/3,主,火箭115-104凯尔特,64,负
BOS,2019/3/30,客,篮网110-96凯尔特,77,负
BOS,2019/3/5,客,勇士95-128凯尔特,65,胜
BOS,2019/3/6,客,国王109-111凯尔特,66,胜
BOS,2019/3/9,客,湖人107-120凯尔特,67,胜
BOS,2019/4/1,主,热火105-110凯尔特,78,胜
BOS,2019/4/3,客,热火102-112凯尔特,79,胜
BOS,2019/4/5,客,步行者97-117凯尔特,80,胜
BOS,2019/4/7,主,魔术116-108凯尔特,81,负
BOS,2019/4/9,客,奇才110-116凯尔特,82,胜
CHA,2018/10/17,主,雄鹿113-112黄蜂,1,负
CHA,2018/10/19,客,魔术88-120黄蜂,2,胜
CHA,2018/10/20,客,热火112-113黄蜂,3,胜
CHA,2018/10/22,客,猛龙127-106黄蜂,4,负
CHA,2018/10/24,客,公牛112-110黄蜂,5,负
CHA,2018/10/26,主,公牛106-135黄蜂,6,胜
CHA,2018/10/27,客,76人105-103黄蜂,7,负
CHA,2018/10/30,主,热火113-125黄蜂,8,胜
CHA,2018/11/1,主,雷霆111-107黄蜂,9,负
CHA,2018/11/11,客,活塞103-113黄蜂,13,胜
CHA,2018/11/13,客,骑士113-89黄蜂,14,负
CHA,2018/11/17,主,76人122-119黄蜂,15,负
CHA,2018/11/19,主,凯尔特112-117黄蜂,16,胜
CHA,2018/11/21,主,步行者109-127黄蜂,17,胜
CHA,2018/11/23,客,雷霆109-104黄蜂,18,负
CHA,2018/11/25,客,老鹰124-123黄蜂,19,负
CHA,2018/11/26,主,雄鹿107-110黄蜂,20,胜
CHA,2018/11/28,主,老鹰94-108黄蜂,21,胜
CHA,2018/11/3,主,骑士94-126黄蜂,10,胜
CHA,2018/11/30,主,爵士119-111黄蜂,22,负
CHA,2018/11/6,主,老鹰102-113黄蜂,11,胜
CHA,2018/11/9,客,76人133-132黄蜂,12,负
CHA,2018/12/12,主,活塞107-108黄蜂,27,胜
CHA,2018/12/14,主,尼克斯126-124黄蜂,28,负
CHA,2018/12/15,主,湖人128-100黄蜂,29,负
CHA,2018/12/19,主,骑士99-110黄蜂,30,胜
CHA,2018/12/2,主,鹈鹕119-109黄蜂,23,负
CHA,2018/12/21,主,活塞86-98黄蜂,31,胜
CHA,2018/12/23,客,凯尔特119-103黄蜂,32,负
CHA,2018/12/26,客,篮网134-132黄蜂,33,负
CHA,2018/12/28,主,篮网87-100黄蜂,34,胜
CHA,2018/12/29,客,奇才130-126黄蜂,35,负
CHA,2018/12/31,主,魔术100-125黄蜂,36,胜
CHA,2018/12/5,客,森林狼121-104黄蜂,24,负
CHA,2018/12/7,主,掘金107-113黄蜂,25,胜
CHA,2018/12/9,客,尼克斯107-119黄蜂,26,胜
CHA,2019/1/11,客,开拓者127-96黄蜂,41,负
CHA,2019/1/12,客,国王104-97黄蜂,42,负
CHA,2019/1/14,客,马刺93-108黄蜂,43,胜
CHA,2019/1/17,主,国王95-114黄蜂,44,胜
CHA,2019/1/19,主,太阳115-135黄蜂,45,胜
CHA,2019/1/2,主,独行侠122-84黄蜂,37,负
CHA,2019/1/20,客,步行者120-95黄蜂,46,负
CHA,2019/1/23,客,灰熊107-118黄蜂,47,胜
CHA,2019/1/25,客,雄鹿108-99黄蜂,48,负
CHA,2019/1/28,主,尼克斯92-101黄蜂,49,胜
CHA,2019/1/30,客,凯尔特126-94黄蜂,50,负
CHA,2019/1/5,客,掘金123-110黄蜂,38,负
CHA,2019/1/6,客,太阳113-119黄蜂,39,胜
CHA,2019/1/8,客,快船128-109黄蜂,40,负
CHA,2019/2/1,主,灰熊92-100黄蜂,51,胜
CHA,2019/2/11,客,步行者99-90黄蜂,56,负
CHA,2019/2/14,客,魔术127-89黄蜂,57,负
CHA,2019/2/2,主,公牛118-125黄蜂,52,胜
CHA,2019/2/22,主,奇才110-123黄蜂,58,胜
CHA,2019/2/23,主,篮网117-115黄蜂,59,负
CHA,2019/2/25,主,勇士121-110黄蜂,60,负
CHA,2019/2/27,主,火箭118-113黄蜂,61,负
CHA,2019/2/5,主,快船117-115黄蜂,53,负
CHA,2019/2/6,客,独行侠99-93黄蜂,54,负
CHA,2019/2/9,客,老鹰120-129黄蜂,55,胜
CHA,2019/3/1,客,篮网112-123黄蜂,62,胜
CHA,2019/3/11,客,火箭118-106黄蜂,67,负
CHA,2019/3/15,客,奇才110-116黄蜂,68,胜
CHA,2019/3/17,客,热火93-75黄蜂,69,负
CHA,2019/3/19,主,76人118-114黄蜂,70,负
CHA,2019/3/21,主,森林狼106-113黄蜂,71,胜
CHA,2019/3/23,主,凯尔特117-124黄蜂,72,胜
CHA,2019/3/24,客,猛龙114-115黄蜂,73,胜
CHA,2019/3/26,主,马刺116-125黄蜂,74,胜
CHA,2019/3/29,客,湖人129-115黄蜂,75,负
CHA,2019/3/3,主,开拓者118-108黄蜂,63,负
CHA,2019/3/31,客,勇士137-90黄蜂,76,负
CHA,2019/3/6,主,热火91-84黄蜂,64,负
CHA,2019/3/8,主,奇才111-112黄蜂,65,胜
CHA,2019/3/9,客,雄鹿131-114黄蜂,66,负
CHA,2019/4/1,客,爵士111-102黄蜂,77,负
CHA,2019/4/10,主,魔术122-114黄蜂,82,负
CHA,2019/4/3,客,鹈鹕109-115黄蜂,78,胜
CHA,2019/4/5,主,猛龙111-113黄蜂,79,胜
CHA,2019/4/7,客,活塞91-104黄蜂,80,胜
CHA,2019/4/9,客,骑士97-124黄蜂,81,胜
CHI,2018/10/18,客,76人127-108公牛,1,负
CHI,2018/10/20,主,活塞118-116公牛,2,负
CHI,2018/10/22,客,独行侠115-109公牛,3,负
CHI,2018/10/24,主,黄蜂110-112公牛,4,胜
CHI,2018/10/26,客,黄蜂135-106公牛,5,负
CHI,2018/10/27,客,老鹰85-97公牛,6,胜
CHI,2018/10/29,主,勇士149-124公牛,7,负
CHI,2018/10/31,主,掘金108-107公牛,8,负
CHI,2018/11/10,主,骑士98-99公牛,13,胜
CHI,2018/11/12,主,独行侠103-98公牛,14,负
CHI,2018/11/14,客,凯尔特111-82公牛,15,负
CHI,2018/11/16,客,雄鹿123-104公牛,16,负
CHI,2018/11/17,主,猛龙122-83公牛,17,负
CHI,2018/11/2,主,步行者107-105公牛,9,负
CHI,2018/11/21,主,太阳116-124公牛,18,胜
CHI,2018/11/23,主,热火103-96公牛,19,负
CHI,2018/11/24,客,森林狼111-96公牛,20,负
CHI,2018/11/26,主,马刺108-107公牛,21,负
CHI,2018/11/28,客,雄鹿116-113公牛,22,负
CHI,2018/11/3,主,火箭96-88公牛,10,负
CHI,2018/11/30,客,活塞107-88公牛,23,负
CHI,2018/11/5,客,尼克斯115-116公牛,11,胜
CHI,2018/11/7,客,鹈鹕107-98公牛,12,负
CHI,2018/12/1,客,火箭121-105公牛,24,负
CHI,2018/12/10,主,国王108-89公牛,28,负
CHI,2018/12/13,客,魔术97-91公牛,29,负
CHI,2018/12/15,客,马刺93-98公牛,30,胜
CHI,2018/12/17,客,雷霆121-96公牛,31,负
CHI,2018/12/19,主,篮网96-93公牛,32,负
CHI,2018/12/21,主,魔术80-90公牛,33,胜
CHI,2018/12/23,客,骑士92-112公牛,34,胜
CHI,2018/12/26,主,森林狼119-94公牛,35,负
CHI,2018/12/28,客,奇才92-101公牛,36,胜
CHI,2018/12/30,客,猛龙95-89公牛,37,负
CHI,2018/12/4,客,步行者96-90公牛,25,负
CHI,2018/12/7,主,雷霆112-114公牛,26,胜
CHI,2018/12/8,主,凯尔特133-77公牛,27,负
CHI,2019/1/11,客,勇士146-109公牛,42,负
CHI,2019/1/12,客,爵士110-102公牛,43,负
CHI,2019/1/15,客,湖人107-100公牛,44,负
CHI,2019/1/17,客,掘金135-105公牛,45,负
CHI,2019/1/19,主,热火117-103公牛,46,负
CHI,2019/1/2,主,魔术112-84公牛,38,负
CHI,2019/1/21,客,骑士88-104公牛,47,胜
CHI,2019/1/23,主,老鹰121-101公牛,48,负
CHI,2019/1/25,主,快船106-101公牛,49,负
CHI,2019/1/27,主,骑士104-101公牛,50,负
CHI,2019/1/29,客,篮网122-117公牛,51,负
CHI,2019/1/30,客,热火89-105公牛,52,胜
CHI,2019/1/4,主,步行者119-116公牛,39,负
CHI,2019/1/6,主,篮网117-100公牛,40,负
CHI,2019/1/9,客,开拓者124-112公牛,41,负
CHI,2019/2/11,主,雄鹿112-99公牛,57,负
CHI,2019/2/13,主,灰熊110-122公牛,58,胜
CHI,2019/2/2,客,黄蜂125-118公牛,53,负
CHI,2019/2/22,客,魔术109-110公牛,59,胜
CHI,2019/2/23,主,凯尔特116-126公牛,60,胜
CHI,2019/2/25,主,雄鹿117-106公牛,61,负
CHI,2019/2/27,客,灰熊107-109公牛,62,胜
CHI,2019/2/6,主,鹈鹕125-120公牛,54,负
CHI,2019/2/8,客,篮网106-125公牛,55,胜
CHI,2019/2/9,主,奇才134-125公牛,56,负
CHI,2019/3/1,客,老鹰161-168公牛,63,胜
CHI,2019/3/10,客,活塞131-108公牛,68,负
CHI,2019/3/12,主,湖人123-107公牛,69,负
CHI,2019/3/15,客,快船128-121公牛,70,负
CHI,2019/3/17,客,国王129-102公牛,71,负
CHI,2019/3/18,客,太阳101-116公牛,72,胜
CHI,2019/3/20,主,奇才120-126公牛,73,胜
CHI,2019/3/23,主,爵士114-83公牛,74,负
CHI,2019/3/26,客,猛龙112-103公牛,75,负
CHI,2019/3/27,主,开拓者118-98公牛,76,负
CHI,2019/3/3,主,老鹰123-118公牛,64,负
CHI,2019/3/30,主,猛龙124-101公牛,77,负
CHI,2019/3/5,客,步行者105-96公牛,65,负
CHI,2019/3/6,主,76人107-108公牛,66,胜
CHI,2019/3/8,主,活塞112-104公牛,67,负
CHI,2019/4/1,客,尼克斯113-105公牛,78,负
CHI,2019/4/10,客,76人125-109公牛,82,负
CHI,2019/4/3,客,奇才114-115公牛,79,胜
CHI,2019/4/6,主,76人116-96公牛,80,负
CHI,2019/4/9,主,尼克斯96-86公牛,81,负
CLE,2018/10/17,客,猛龙116-104骑士,1,负
CLE,2018/10/19,客,森林狼131-123骑士,2,负
CLE,2018/10/21,主,老鹰133-111骑士,3,负
CLE,2018/10/24,主,篮网102-86骑士,4,负
CLE,2018/10/25,客,活塞110-103骑士,5,负
CLE,2018/10/27,主,步行者119-107骑士,6,负
CLE,2018/10/30,主,老鹰114-136骑士,7,胜
CLE,2018/11/1,主,掘金110-91骑士,8,负
CLE,2018/11/10,客,公牛99-98骑士,12,负
CLE,2018/11/13,主,黄蜂89-113骑士,13,胜
CLE,2018/11/14,客,奇才119-95骑士,14,负
CLE,2018/11/19,客,活塞113-102骑士,15,负
CLE,2018/11/21,主,湖人109-105骑士,16,负
CLE,2018/11/23,客,76人112-121骑士,17,胜
CLE,2018/11/24,主,火箭108-117骑士,18,胜
CLE,2018/11/26,主,森林狼102-95骑士,19,负
CLE,2018/11/28,客,雷霆100-83骑士,20,负
CLE,2018/11/3,客,黄蜂126-94骑士,9,负
CLE,2018/11/30,客,凯尔特128-95骑士,21,负
CLE,2018/11/5,客,魔术102-100骑士,10,负
CLE,2018/11/7,主,雷霆95-86骑士,11,负
CLE,2018/12/1,主,猛龙106-95骑士,22,负
CLE,2018/12/10,客,雄鹿108-92骑士,27,负
CLE,2018/12/12,主,尼克斯106-113骑士,28,胜
CLE,2018/12/14,主,雄鹿114-102骑士,29,负
CLE,2018/12/16,主,76人128-105骑士,30,负
CLE,2018/12/18,客,步行者91-92骑士,31,胜
CLE,2018/12/19,客,黄蜂110-99骑士,32,负
CLE,2018/12/21,客,猛龙126-110骑士,33,负
CLE,2018/12/23,主,公牛112-92骑士,34,负
CLE,2018/12/26,客,灰熊95-87骑士,35,负
CLE,2018/12/28,客,热火118-94骑士,36,负
CLE,2018/12/29,客,老鹰111-108骑士,37,负
CLE,2018/12/3,客,篮网97-99骑士,23,胜
CLE,2018/12/5,主,勇士129-105骑士,24,负
CLE,2018/12/7,主,国王129-110骑士,25,负
CLE,2018/12/8,主,奇才101-116骑士,26,胜
CLE,2019/1/11,客,火箭141-113骑士,43,负
CLE,2019/1/13,客,湖人95-101骑士,44,胜
CLE,2019/1/16,客,开拓者129-112骑士,45,负
CLE,2019/1/18,客,爵士115-99骑士,46,负
CLE,2019/1/19,客,掘金124-102骑士,47,负
CLE,2019/1/2,主,热火117-92骑士,38,负
CLE,2019/1/21,主,公牛104-88骑士,48,负
CLE,2019/1/23,客,凯尔特123-103骑士,49,负
CLE,2019/1/25,主,热火100-94骑士,50,负
CLE,2019/1/27,客,公牛101-104骑士,51,胜
CLE,2019/1/29,主,奇才113-116骑士,52,胜
CLE,2019/1/4,主,爵士117-91骑士,39,负
CLE,2019/1/5,主,鹈鹕133-98骑士,40,负
CLE,2019/1/8,主,步行者123-115骑士,41,负
CLE,2019/1/9,客,鹈鹕140-124骑士,42,负
CLE,2019/2/11,主,尼克斯104-107骑士,57,胜
CLE,2019/2/13,主,篮网148-139骑士,58,负
CLE,2019/2/2,主,独行侠111-98骑士,53,负
CLE,2019/2/21,主,太阳98-111骑士,59,胜
CLE,2019/2/23,主,灰熊107-112骑士,60,胜
CLE,2019/2/25,主,开拓者123-110骑士,61,负
CLE,2019/2/28,客,尼克斯118-125骑士,62,胜
CLE,2019/2/5,主,凯尔特103-96骑士,54,负
CLE,2019/2/8,客,奇才119-106骑士,55,负
CLE,2019/2/9,客,步行者105-90骑士,56,负
CLE,2019/3/11,主,猛龙101-126骑士,67,胜
CLE,2019/3/12,客,76人106-99骑士,68,负
CLE,2019/3/14,客,魔术120-91骑士,69,负
CLE,2019/3/16,客,独行侠121-116骑士,70,负
CLE,2019/3/18,主,活塞119-126骑士,71,胜
CLE,2019/3/2,主,活塞129-93骑士,63,负
CLE,2019/3/20,主,雄鹿102-107骑士,72,胜
CLE,2019/3/22,主,快船110-108骑士,73,负
CLE,2019/3/24,客,雄鹿127-105骑士,74,负
CLE,2019/3/26,主,凯尔特116-106骑士,75,负
CLE,2019/3/28,客,马刺116-110骑士,76,负
CLE,2019/3/3,主,魔术93-107骑士,64,胜
CLE,2019/3/30,客,快船132-108骑士,77,负
CLE,2019/3/6,客,篮网113-107骑士,65,负
CLE,2019/3/8,客,热火126-110骑士,66,负
CLE,2019/4/1,客,太阳122-113骑士,78,负
CLE,2019/4/4,客,国王117-104骑士,79,负
CLE,2019/4/5,客,勇士120-114骑士,80,负
CLE,2019/4/7,主,马刺112-90骑士,81,负
CLE,2019/4/9,主,黄蜂124-97骑士,82,负
DAL,2018/10/17,客,太阳121-100独行侠,1,负
DAL,2018/10/20,主,森林狼136-140独行侠,2,胜
DAL,2018/10/22,主,公牛109-115独行侠,3,胜
DAL,2018/10/24,客,老鹰111-104独行侠,4,负
DAL,2018/10/26,客,猛龙116-107独行侠,5,负
DAL,2018/10/28,主,爵士113-104独行侠,6,负
DAL,2018/10/29,客,马刺113-108独行侠,7,负
DAL,2018/10/31,客,湖人114-113独行侠,8,负
DAL,2018/11/10,主,雷霆96-111独行侠,12,胜
DAL,2018/11/12,客,公牛98-103独行侠,13,胜
DAL,2018/11/14,主,爵士68-118独行侠,14,胜
DAL,2018/11/17,主,勇士109-112独行侠,15,胜
DAL,2018/11/19,客,灰熊98-88独行侠,16,负
DAL,2018/11/2,主,尼克斯118-106独行侠,9,负
DAL,2018/11/21,主,篮网113-119独行侠,17,胜
DAL,2018/11/24,主,凯尔特104-113独行侠,18,胜
DAL,2018/11/28,客,火箭108-128独行侠,19,胜
DAL,2018/11/30,客,湖人114-103独行侠,20,负
DAL,2018/11/6,主,奇才100-119独行侠,10,胜
DAL,2018/11/7,客,爵士117-102独行侠,11,负
DAL,2018/12/10,主,魔术76-101独行侠,25,胜
DAL,2018/12/12,主,老鹰107-114独行侠,26,胜
DAL,2018/12/13,客,太阳99-89独行侠,27,负
DAL,2018/12/16,主,国王120-113独行侠,28,负
DAL,2018/12/18,客,掘金126-118独行侠,29,负
DAL,2018/12/2,主,快船110-114独行侠,21,胜
DAL,2018/12/20,客,快船125-121独行侠,30,负
DAL,2018/12/22,客,勇士120-116独行侠,31,负
DAL,2018/12/23,客,开拓者121-118独行侠,32,负
DAL,2018/12/26,主,鹈鹕119-122独行侠,33,胜
DAL,2018/12/28,客,鹈鹕114-112独行侠,34,负
DAL,2018/12/30,主,雷霆103-105独行侠,35,胜
DAL,2018/12/31,客,雷霆122-102独行侠,36,负
DAL,2018/12/4,主,开拓者102-111独行侠,22,胜
DAL,2018/12/5,客,鹈鹕132-106独行侠,23,负
DAL,2018/12/8,主,火箭104-107独行侠,24,胜
DAL,2019/1/11,客,森林狼115-119独行侠,42,胜
DAL,2019/1/13,主,勇士119-114独行侠,43,负
DAL,2019/1/16,主,马刺105-101独行侠,44,负
DAL,2019/1/19,客,步行者111-99独行侠,45,负
DAL,2019/1/2,客,黄蜂84-122独行侠,37,胜
DAL,2019/1/21,客,雄鹿116-106独行侠,46,负
DAL,2019/1/22,主,快船98-106独行侠,47,胜
DAL,2019/1/25,主,活塞101-106独行侠,48,胜
DAL,2019/1/27,主,猛龙123-120独行侠,49,负
DAL,2019/1/30,客,尼克斯90-114独行侠,50,胜
DAL,2019/1/31,客,活塞93-89独行侠,51,负
DAL,2019/1/4,客,凯尔特114-93独行侠,38,负
DAL,2019/1/5,客,76人106-100独行侠,39,负
DAL,2019/1/7,主,湖人107-97独行侠,40,负
DAL,2019/1/9,主,太阳94-104独行侠,41,胜
DAL,2019/2/10,主,开拓者101-102独行侠,55,胜
DAL,2019/2/11,客,火箭120-104独行侠,56,负
DAL,2019/2/13,主,热火112-101独行侠,57,负
DAL,2019/2/2,客,骑士98-111独行侠,52,胜
DAL,2019/2/22,主,掘金114-104独行侠,58,负
DAL,2019/2/23,客,爵士125-109独行侠,59,负
DAL,2019/2/25,客,快船121-112独行侠,60,负
DAL,2019/2/27,主,步行者101-110独行侠,61,胜
DAL,2019/2/6,主,黄蜂93-99独行侠,53,胜
DAL,2019/2/8,主,雄鹿122-107独行侠,54,负
DAL,2019/3/10,主,火箭94-93独行侠,66,负
DAL,2019/3/12,主,马刺112-105独行侠,67,负
DAL,2019/3/14,客,掘金100-99独行侠,68,负
DAL,2019/3/16,主,骑士116-121独行侠,69,胜
DAL,2019/3/18,主,鹈鹕129-125独行侠,70,负
DAL,2019/3/2,主,灰熊111-81独行侠,62,负
DAL,2019/3/20,客,开拓者126-118独行侠,71,负
DAL,2019/3/21,客,国王116-100独行侠,72,负
DAL,2019/3/23,客,勇士91-126独行侠,73,胜
DAL,2019/3/26,主,国王125-121独行侠,74,负
DAL,2019/3/28,客,热火105-99独行侠,75,负
DAL,2019/3/31,客,雷霆103-106独行侠,76,胜
DAL,2019/3/4,客,篮网127-88独行侠,63,负
DAL,2019/3/6,客,奇才132-123独行侠,64,负
DAL,2019/3/8,客,魔术111-106独行侠,65,负
DAL,2019/4/1,主,76人102-122独行侠,77,胜
DAL,2019/4/10,客,马刺105-94独行侠,82,负
DAL,2019/4/3,主,森林狼110-108独行侠,78,负
DAL,2019/4/5,主,灰熊122-112独行侠,79,负
DAL,2019/4/7,客,灰熊127-129独行侠,80,胜
DAL,2019/4/9,主,太阳109-120独行侠,81,胜
DEN,2018/10/17,客,快船98-107掘金,1,胜
DEN,2018/10/20,主,太阳91-119掘金,2,胜
DEN,2018/10/21,主,勇士98-100掘金,3,胜
DEN,2018/10/23,主,国王112-126掘金,4,胜
DEN,2018/10/25,客,湖人121-114掘金,5,负
DEN,2018/10/29,主,鹈鹕111-116掘金,6,胜
DEN,2018/10/31,客,公牛107-108掘金,7,胜
DEN,2018/11/1,客,骑士91-110掘金,8,胜
DEN,2018/11/11,主,雄鹿121-114掘金,13,负
DEN,2018/11/13,主,火箭109-99掘金,14,负
DEN,2018/11/15,主,老鹰93-138掘金,15,胜
DEN,2018/11/17,客,鹈鹕125-115掘金,16,负
DEN,2018/11/19,客,雄鹿104-98掘金,17,负
DEN,2018/11/21,客,森林狼101-103掘金,18,胜
DEN,2018/11/23,主,魔术87-112掘金,19,胜
DEN,2018/11/24,客,雷霆98-105掘金,20,胜
DEN,2018/11/27,主,湖人85-117掘金,21,胜
DEN,2018/11/3,主,爵士88-103掘金,9,胜
DEN,2018/11/30,客,开拓者112-113掘金,22,胜
DEN,2018/11/5,主,凯尔特107-115掘金,10,胜
DEN,2018/11/7,客,灰熊89-87掘金,11,负
DEN,2018/11/9,主,篮网112-110掘金,12,负
DEN,2018/12/10,主,灰熊99-105掘金,27,胜
DEN,2018/12/14,主,雷霆98-109掘金,28,胜
DEN,2018/12/16,主,猛龙86-95掘金,29,胜
DEN,2018/12/18,主,独行侠118-126掘金,30,胜
DEN,2018/12/22,客,快船132-111掘金,31,负
DEN,2018/12/26,客,马刺111-103掘金,32,负
DEN,2018/12/28,主,马刺99-102掘金,33,胜
DEN,2018/12/29,客,太阳118-122掘金,34,胜
DEN,2018/12/3,客,猛龙103-106掘金,23,胜
DEN,2018/12/5,客,魔术118-124掘金,24,胜
DEN,2018/12/7,客,黄蜂113-107掘金,25,负
DEN,2018/12/8,客,老鹰106-98掘金,26,负
DEN,2019/1/1,主,尼克斯108-115掘金,35,胜
DEN,2019/1/10,主,快船100-121掘金,40,胜
DEN,2019/1/12,客,太阳102-93掘金,41,负
DEN,2019/1/13,主,开拓者113-116掘金,42,胜
DEN,2019/1/15,主,勇士142-111掘金,43,负
DEN,2019/1/17,主,公牛105-135掘金,44,胜
DEN,2019/1/19,主,骑士102-124掘金,45,胜
DEN,2019/1/23,客,爵士114-108掘金,46,负
DEN,2019/1/25,主,太阳95-132掘金,47,胜
DEN,2019/1/26,主,76人110-126掘金,48,胜
DEN,2019/1/28,客,灰熊92-95掘金,49,胜
DEN,2019/1/3,客,国王113-117掘金,36,胜
DEN,2019/1/30,客,鹈鹕99-105掘金,50,胜
DEN,2019/1/5,主,黄蜂110-123掘金,37,胜
DEN,2019/1/7,客,火箭125-113掘金,38,负
DEN,2019/1/8,客,热火99-103掘金,39,胜
DEN,2019/2/1,主,火箭122-136掘金,51,胜
DEN,2019/2/11,主,热火87-103掘金,56,胜
DEN,2019/2/13,主,国王118-120掘金,57,胜
DEN,2019/2/2,客,森林狼106-107掘金,52,胜
DEN,2019/2/22,客,独行侠104-114掘金,58,胜
DEN,2019/2/24,主,快船96-123掘金,59,胜
DEN,2019/2/26,主,雷霆112-121掘金,60,胜
DEN,2019/2/28,主,爵士111-104掘金,61,负
DEN,2019/2/4,客,活塞129-103掘金,53,负
DEN,2019/2/6,客,篮网135-130掘金,54,负
DEN,2019/2/8,客,76人117-110掘金,55,负
DEN,2019/3/12,主,森林狼107-133掘金,66,胜
DEN,2019/3/14,主,独行侠99-100掘金,67,胜
DEN,2019/3/16,主,步行者100-102掘金,68,胜
DEN,2019/3/18,客,凯尔特105-114掘金,69,胜
DEN,2019/3/2,主,鹈鹕120-112掘金,62,负
DEN,2019/3/21,客,奇才108-113掘金,70,胜
DEN,2019/3/22,客,尼克斯93-111掘金,71,胜
DEN,2019/3/24,客,步行者124-88掘金,72,负
DEN,2019/3/26,主,活塞92-95掘金,73,胜
DEN,2019/3/28,客,火箭112-85掘金,74,负
DEN,2019/3/29,客,雷霆105-115掘金,75,胜
DEN,2019/3/31,主,奇才95-90掘金,76,负
DEN,2019/3/4,客,马刺104-103掘金,63,负
DEN,2019/3/6,客,湖人99-115掘金,64,胜
DEN,2019/3/8,客,勇士122-105掘金,65,负
DEN,2019/4/10,主,森林狼95-99掘金,82,胜
DEN,2019/4/2,客,勇士116-102掘金,77,负
DEN,2019/4/3,主,马刺85-113掘金,78,胜
DEN,2019/4/5,主,开拓者110-119掘金,79,胜
DEN,2019/4/7,客,开拓者115-108掘金,80,负
DEN,2019/4/9,客,爵士118-108掘金,81,负
DET,2018/10/17,主,篮网100-103活塞,1,胜
DET,2018/10/20,客,公牛116-118活塞,2,胜
DET,2018/10/23,主,76人132-133活塞,3,胜
DET,2018/10/25,主,骑士103-110活塞,4,胜
DET,2018/10/27,主,凯尔特109-89活塞,5,负
DET,2018/10/30,客,凯尔特108-105活塞,6,负
DET,2018/10/31,客,篮网120-119活塞,7,负
DET,2018/11/11,主,黄蜂113-103活塞,12,负
DET,2018/11/14,客,猛龙104-106活塞,13,胜
DET,2018/11/19,主,骑士102-113活塞,14,胜
DET,2018/11/21,客,火箭126-124活塞,15,负
DET,2018/11/23,主,火箭111-116活塞,16,胜
DET,2018/11/25,主,太阳107-118活塞,17,胜
DET,2018/11/27,主,尼克斯108-115活塞,18,胜
DET,2018/11/3,客,76人109-99活塞,8,负
DET,2018/11/30,主,公牛88-107活塞,19,胜
DET,2018/11/5,主,热火120-115活塞,9,负
DET,2018/11/7,客,魔术96-103活塞,10,胜
DET,2018/11/9,客,老鹰109-124活塞,11,胜
DET,2018/12/1,主,勇士102-111活塞,20,胜
DET,2018/12/10,客,76人116-102活塞,25,负
DET,2018/12/12,客,黄蜂108-107活塞,26,负
DET,2018/12/15,主,凯尔特104-113活塞,27,胜
DET,2018/12/17,主,雄鹿107-104活塞,28,负
DET,2018/12/19,客,森林狼123-129活塞,29,胜
DET,2018/12/21,客,黄蜂98-86活塞,30,负
DET,2018/12/23,主,老鹰98-95活塞,31,负
DET,2018/12/26,主,奇才95-106活塞,32,胜
DET,2018/12/28,客,步行者125-88活塞,33,负
DET,2018/12/3,主,雷霆110-83活塞,21,负
DET,2018/12/30,客,魔术109-107活塞,34,负
DET,2018/12/5,客,雄鹿115-92活塞,22,负
DET,2018/12/7,主,76人117-111活塞,23,负
DET,2018/12/9,主,鹈鹕116-108活塞,24,负
DET,2019/1/1,客,雄鹿121-98活塞,35,负
DET,2019/1/10,客,国王112-102活塞,40,负
DET,2019/1/12,客,快船104-109活塞,41,胜
DET,2019/1/14,客,爵士100-94活塞,42,负
DET,2019/1/16,主,魔术115-120活塞,43,胜
DET,2019/1/18,主,热火93-98活塞,44,胜
DET,2019/1/19,主,国王103-101活塞,45,负
DET,2019/1/2,客,灰熊94-101活塞,36,胜
DET,2019/1/21,客,奇才101-87活塞,46,负
DET,2019/1/23,客,鹈鹕94-98活塞,47,胜
DET,2019/1/25,客,独行侠106-101活塞,48,负
DET,2019/1/29,主,雄鹿115-105活塞,49,负
DET,2019/1/31,主,独行侠89-93活塞,50,胜
DET,2019/1/5,主,爵士110-105活塞,37,负
DET,2019/1/7,主,马刺119-107活塞,38,负
DET,2019/1/9,客,湖人113-100活塞,39,负
DET,2019/2/11,主,奇才112-121活塞,55,胜
DET,2019/2/13,客,凯尔特118-110活塞,56,负
DET,2019/2/2,主,快船111-101活塞,51,负
DET,2019/2/22,客,老鹰122-125活塞,57,胜
DET,2019/2/23,客,热火96-119活塞,58,胜
DET,2019/2/25,主,步行者109-113活塞,59,胜
DET,2019/2/27,客,马刺105-93活塞,60,负
DET,2019/2/4,主,掘金103-129活塞,52,胜
DET,2019/2/5,客,尼克斯92-105活塞,53,胜
DET,2019/2/8,主,尼克斯103-120活塞,54,胜
DET,2019/3/10,主,公牛108-131活塞,65,胜
DET,2019/3/11,客,篮网103-75活塞,66,负
DET,2019/3/13,客,热火108-74活塞,67,负
DET,2019/3/15,主,湖人97-111活塞,68,胜
DET,2019/3/17,主,猛龙107-110活塞,69,胜
DET,2019/3/18,客,骑士126-119活塞,70,负
DET,2019/3/2,客,骑士93-129活塞,61,胜
DET,2019/3/21,客,太阳98-118活塞,71,胜
DET,2019/3/23,客,开拓者117-112活塞,72,负
DET,2019/3/24,客,勇士121-114活塞,73,负
DET,2019/3/26,客,掘金95-92活塞,74,负
DET,2019/3/28,主,魔术98-115活塞,75,胜
DET,2019/3/3,主,猛龙107-112活塞,62,胜
DET,2019/3/30,主,开拓者90-99活塞,76,胜
DET,2019/3/6,主,森林狼114-131活塞,63,胜
DET,2019/3/8,客,公牛104-112活塞,64,胜
DET,2019/4/1,客,步行者111-102活塞,77,负
DET,2019/4/10,客,尼克斯89-115活塞,82,胜
DET,2019/4/3,主,步行者108-89活塞,78,负
DET,2019/4/5,客,雷霆123-110活塞,79,负
DET,2019/4/7,主,黄蜂104-91活塞,80,负
DET,2019/4/9,主,灰熊93-100活塞,81,胜
GSW,2018/10/16,主,雷霆100-108勇士,1,胜
GSW,2018/10/19,客,爵士123-124勇士,2,胜
GSW,2018/10/21,客,掘金100-98勇士,3,负
GSW,2018/10/22,主,太阳103-123勇士,4,胜
GSW,2018/10/24,主,奇才122-144勇士,5,胜
GSW,2018/10/26,客,尼克斯100-128勇士,6,胜
GSW,2018/10/28,客,篮网114-120勇士,7,胜
GSW,2018/10/29,客,公牛124-149勇士,8,胜
GSW,2018/10/31,主,鹈鹕121-131勇士,9,胜
GSW,2018/11/10,主,篮网100-116勇士,13,胜
GSW,2018/11/12,客,快船121-116勇士,14,负
GSW,2018/11/13,主,老鹰103-110勇士,15,胜
GSW,2018/11/15,客,火箭107-86勇士,16,负
GSW,2018/11/17,客,独行侠112-109勇士,17,负
GSW,2018/11/18,客,马刺104-92勇士,18,负
GSW,2018/11/2,主,森林狼99-116勇士,10,胜
GSW,2018/11/21,主,雷霆123-95勇士,19,负
GSW,2018/11/23,主,开拓者97-125勇士,20,胜
GSW,2018/11/24,主,国王116-117勇士,21,胜
GSW,2018/11/26,主,魔术110-116勇士,22,胜
GSW,2018/11/29,客,猛龙131-128勇士,23,负
GSW,2018/11/5,主,灰熊101-117勇士,11,胜
GSW,2018/11/8,主,雄鹿134-111勇士,12,负
GSW,2018/12/1,客,活塞111-102勇士,24,负
GSW,2018/12/10,主,森林狼108-116勇士,28,胜
GSW,2018/12/12,主,猛龙113-93勇士,29,负
GSW,2018/12/14,客,国王125-130勇士,30,胜
GSW,2018/12/17,主,灰熊93-110勇士,31,胜
GSW,2018/12/19,客,爵士108-103勇士,32,负
GSW,2018/12/22,主,独行侠116-120勇士,33,胜
GSW,2018/12/23,主,快船127-129勇士,34,胜
GSW,2018/12/25,主,湖人127-101勇士,35,负
GSW,2018/12/27,主,开拓者110-109勇士,36,负
GSW,2018/12/29,客,开拓者105-115勇士,37,胜
GSW,2018/12/3,客,老鹰111-128勇士,25,胜
GSW,2018/12/31,客,太阳109-132勇士,38,胜
GSW,2018/12/5,客,骑士105-129勇士,26,胜
GSW,2018/12/7,客,雄鹿95-105勇士,27,胜
GSW,2019/1/11,主,公牛109-146勇士,42,胜
GSW,2019/1/13,客,独行侠114-119勇士,43,胜
GSW,2019/1/15,客,掘金111-142勇士,44,胜
GSW,2019/1/16,主,鹈鹕140-147勇士,45,胜
GSW,2019/1/18,客,快船94-112勇士,46,胜
GSW,2019/1/21,客,湖人111-130勇士,47,胜
GSW,2019/1/24,客,奇才118-126勇士,48,胜
GSW,2019/1/26,客,凯尔特111-115勇士,49,胜
GSW,2019/1/28,客,步行者100-132勇士,50,胜
GSW,2019/1/3,主,火箭135-134勇士,39,负
GSW,2019/1/31,主,76人113-104勇士,51,负
GSW,2019/1/5,客,国王123-127勇士,40,胜
GSW,2019/1/8,主,尼克斯95-122勇士,41,胜
GSW,2019/2/10,主,热火118-120勇士,55,胜
GSW,2019/2/12,主,爵士108-115勇士,56,胜
GSW,2019/2/13,客,开拓者129-107勇士,57,负
GSW,2019/2/2,主,湖人101-115勇士,52,胜
GSW,2019/2/21,主,国王123-125勇士,58,胜
GSW,2019/2/23,主,火箭118-112勇士,59,负
GSW,2019/2/25,客,黄蜂110-121勇士,60,胜
GSW,2019/2/27,客,热火126-125勇士,61,负
GSW,2019/2/28,客,魔术103-96勇士,62,负
GSW,2019/2/6,主,马刺102-141勇士,53,胜
GSW,2019/2/8,客,太阳107-117勇士,54,胜
GSW,2019/3/10,主,太阳115-111勇士,66,负
GSW,2019/3/13,客,火箭104-106勇士,67,胜
GSW,2019/3/16,客,雷霆88-110勇士,68,胜
GSW,2019/3/18,客,马刺111-105勇士,69,负
GSW,2019/3/19,客,森林狼107-117勇士,70,胜
GSW,2019/3/2,客,76人117-120勇士,63,胜
GSW,2019/3/21,主,步行者89-112勇士,71,胜
GSW,2019/3/23,主,独行侠126-91勇士,72,负
GSW,2019/3/24,主,活塞114-121勇士,73,胜
GSW,2019/3/27,客,灰熊103-118勇士,74,胜
GSW,2019/3/29,客,森林狼131-130勇士,75,负
GSW,2019/3/31,主,黄蜂90-137勇士,76,胜
GSW,2019/3/5,主,凯尔特128-95勇士,64,负
GSW,2019/3/8,主,掘金105-122勇士,65,胜
GSW,2019/4/10,客,灰熊132-117勇士,82,负
GSW,2019/4/2,主,掘金102-116勇士,77,胜
GSW,2019/4/4,客,湖人90-108勇士,78,胜
GSW,2019/4/5,主,骑士114-120勇士,79,胜
GSW,2019/4/7,主,快船104-131勇士,80,胜
GSW,2019/4/9,客,鹈鹕103-112勇士,81,胜
HOU,2018/10/17,主,鹈鹕131-112火箭,1,负
HOU,2018/10/20,客,湖人115-124火箭,2,胜
HOU,2018/10/21,客,快船115-112火箭,3,负
HOU,2018/10/24,主,爵士100-89火箭,4,负
HOU,2018/10/26,主,快船133-113火箭,5,负
HOU,2018/10/30,主,开拓者104-85火箭,6,负
HOU,2018/11/10,客,马刺96-89火箭,11,负
HOU,2018/11/11,主,步行者103-115火箭,12,胜
HOU,2018/11/13,客,掘金99-109火箭,13,胜
HOU,2018/11/15,主,勇士86-107火箭,14,胜
HOU,2018/11/17,主,国王112-132火箭,15,胜
HOU,2018/11/2,客,篮网111-119火箭,7,胜
HOU,2018/11/21,主,活塞124-126火箭,16,胜
HOU,2018/11/23,客,活塞116-111火箭,17,负
HOU,2018/11/24,客,骑士117-108火箭,18,负
HOU,2018/11/26,客,奇才135-131火箭,19,负
HOU,2018/11/28,主,独行侠128-108火箭,20,负
HOU,2018/11/3,客,公牛88-96火箭,8,胜
HOU,2018/11/30,客,马刺105-136火箭,21,胜
HOU,2018/11/5,客,步行者94-98火箭,9,胜
HOU,2018/11/8,客,雷霆98-80火箭,10,负
HOU,2018/12/1,主,公牛105-121火箭,22,胜
HOU,2018/12/11,主,开拓者104-111火箭,26,胜
HOU,2018/12/13,主,湖人111-126火箭,27,胜
HOU,2018/12/15,客,灰熊97-105火箭,28,胜
HOU,2018/12/17,主,爵士97-102火箭,29,胜
HOU,2018/12/19,主,奇才118-136火箭,30,胜
HOU,2018/12/20,客,热火101-99火箭,31,负
HOU,2018/12/22,主,马刺101-108火箭,32,胜
HOU,2018/12/25,主,雷霆109-113火箭,33,胜
HOU,2018/12/27,主,凯尔特113-127火箭,34,胜
HOU,2018/12/29,客,鹈鹕104-108火箭,35,胜
HOU,2018/12/3,客,森林狼103-91火箭,23,负
HOU,2018/12/31,主,灰熊101-113火箭,36,胜
HOU,2018/12/6,客,爵士118-91火箭,24,负
HOU,2018/12/8,客,独行侠107-104火箭,25,负
HOU,2019/1/11,主,骑士113-141火箭,41,胜
HOU,2019/1/13,客,魔术116-109火箭,42,负
HOU,2019/1/14,主,灰熊94-112火箭,43,胜
HOU,2019/1/16,主,篮网145-142火箭,44,负
HOU,2019/1/19,主,湖人134-138火箭,45,胜
HOU,2019/1/21,客,76人121-93火箭,46,负
HOU,2019/1/23,客,尼克斯110-114火箭,47,胜
HOU,2019/1/25,主,猛龙119-121火箭,48,胜
HOU,2019/1/27,主,魔术98-103火箭,49,胜
HOU,2019/1/29,主,鹈鹕121-116火箭,50,负
HOU,2019/1/3,客,勇士134-135火箭,37,胜
HOU,2019/1/5,客,开拓者110-101火箭,38,负
HOU,2019/1/7,主,掘金113-125火箭,39,胜
HOU,2019/1/9,主,雄鹿116-109火箭,40,负
HOU,2019/2/1,客,掘金136-122火箭,51,负
HOU,2019/2/11,主,独行侠104-120火箭,56,胜
HOU,2019/2/13,客,森林狼121-111火箭,57,负
HOU,2019/2/2,客,爵士98-125火箭,52,胜
HOU,2019/2/21,客,湖人111-106火箭,58,负
HOU,2019/2/23,客,勇士112-118火箭,59,胜
HOU,2019/2/25,主,老鹰111-119火箭,60,胜
HOU,2019/2/27,客,黄蜂113-118火箭,61,胜
HOU,2019/2/28,主,热火118-121火箭,62,胜
HOU,2019/2/4,客,太阳110-118火箭,53,胜
HOU,2019/2/6,客,国王101-127火箭,54,胜
HOU,2019/2/9,主,雷霆117-112火箭,55,负
HOU,2019/3/10,客,独行侠93-94火箭,66,胜
HOU,2019/3/11,主,黄蜂106-118火箭,67,胜
HOU,2019/3/13,主,勇士106-104火箭,68,负
HOU,2019/3/15,主,太阳102-108火箭,69,胜
HOU,2019/3/17,主,森林狼102-117火箭,70,胜
HOU,2019/3/19,客,老鹰105-121火箭,71,胜
HOU,2019/3/20,客,灰熊126-125火箭,72,负
HOU,2019/3/22,主,马刺105-111火箭,73,胜
HOU,2019/3/24,客,鹈鹕90-113火箭,74,胜
HOU,2019/3/26,客,雄鹿108-94火箭,75,负
HOU,2019/3/28,主,掘金85-112火箭,76,胜
HOU,2019/3/3,客,凯尔特104-115火箭,63,胜
HOU,2019/3/30,主,国王108-119火箭,77,胜
HOU,2019/3/5,客,猛龙95-107火箭,64,胜
HOU,2019/3/8,主,76人91-107火箭,65,胜
HOU,2019/4/2,客,国王105-130火箭,78,胜
HOU,2019/4/3,客,快船103-135火箭,79,胜
HOU,2019/4/5,主,尼克斯96-120火箭,80,胜
HOU,2019/4/7,主,太阳113-149火箭,81,胜
HOU,2019/4/9,客,雷霆112-111火箭,82,负
IND,2018/10/17,主,灰熊83-111步行者,1,胜
IND,2018/10/19,客,雄鹿118-101步行者,2,负
IND,2018/10/20,主,篮网112-132步行者,3,胜
IND,2018/10/22,客,森林狼101-91步行者,4,负
IND,2018/10/24,客,马刺96-116步行者,5,胜
IND,2018/10/27,客,骑士107-119步行者,6,胜
IND,2018/10/29,主,开拓者103-93步行者,7,负
IND,2018/10/31,客,尼克斯101-107步行者,8,胜
IND,2018/11/11,客,火箭115-103步行者,14,负
IND,2018/11/16,主,热火91-99步行者,15,胜
IND,2018/11/17,主,老鹰89-97步行者,16,胜
IND,2018/11/19,主,爵士94-121步行者,17,胜
IND,2018/11/2,客,公牛105-107步行者,9,胜
IND,2018/11/21,客,黄蜂127-109步行者,18,负
IND,2018/11/23,主,马刺111-100步行者,19,负
IND,2018/11/26,客,爵士88-121步行者,20,胜
IND,2018/11/27,客,太阳104-109步行者,21,胜
IND,2018/11/29,客,湖人104-96步行者,22,负
IND,2018/11/3,主,凯尔特101-102步行者,10,胜
IND,2018/11/5,主,火箭98-94步行者,11,负
IND,2018/11/7,主,76人100-94步行者,12,负
IND,2018/11/9,客,热火102-110步行者,13,胜
IND,2018/12/1,客,国王111-110步行者,23,负
IND,2018/12/10,主,奇才101-109步行者,27,胜
IND,2018/12/12,主,雄鹿97-113步行者,28,胜
IND,2018/12/14,客,76人101-113步行者,29,胜
IND,2018/12/16,主,尼克斯99-110步行者,30,胜
IND,2018/12/18,主,骑士92-91步行者,31,负
IND,2018/12/19,客,猛龙99-96步行者,32,负
IND,2018/12/21,客,篮网106-114步行者,33,胜
IND,2018/12/23,主,奇才89-105步行者,34,胜
IND,2018/12/26,客,老鹰121-129步行者,35,胜
IND,2018/12/28,主,活塞88-125步行者,36,胜
IND,2018/12/31,主,老鹰108-116步行者,37,胜
IND,2018/12/4,主,公牛90-96步行者,24,胜
IND,2018/12/7,客,魔术90-112步行者,25,胜
IND,2018/12/8,主,国王97-107步行者,26,胜
IND,2019/1/11,客,尼克斯106-121步行者,42,胜
IND,2019/1/15,主,太阳97-131步行者,43,胜
IND,2019/1/17,主,76人120-96步行者,44,负
IND,2019/1/19,主,独行侠99-111步行者,45,胜
IND,2019/1/20,主,黄蜂95-120步行者,46,胜
IND,2019/1/23,主,猛龙106-110步行者,47,胜
IND,2019/1/26,客,灰熊106-103步行者,48,负
IND,2019/1/28,主,勇士132-100步行者,49,负
IND,2019/1/30,客,奇才107-89步行者,50,负
IND,2019/1/31,客,魔术107-100步行者,51,负
IND,2019/1/4,客,公牛116-119步行者,38,胜
IND,2019/1/6,客,猛龙121-105步行者,39,负
IND,2019/1/8,客,骑士115-123步行者,40,胜
IND,2019/1/9,客,凯尔特135-108步行者,41,负
IND,2019/2/11,主,黄蜂90-99步行者,57,胜
IND,2019/2/13,主,雄鹿106-97步行者,58,负
IND,2019/2/2,客,热火88-95步行者,52,胜
IND,2019/2/22,主,鹈鹕111-126步行者,59,胜
IND,2019/2/23,客,奇才112-119步行者,60,胜
IND,2019/2/25,客,活塞113-109步行者,61,负
IND,2019/2/27,客,独行侠110-101步行者,62,负
IND,2019/2/28,主,森林狼115-122步行者,63,胜
IND,2019/2/4,客,鹈鹕107-109步行者,53,胜
IND,2019/2/5,主,湖人94-136步行者,54,胜
IND,2019/2/7,主,快船92-116步行者,55,胜
IND,2019/2/9,主,骑士90-105步行者,56,胜
IND,2019/3/10,客,76人106-89步行者,67,负
IND,2019/3/12,主,尼克斯98-103步行者,68,胜
IND,2019/3/14,主,雷霆106-108步行者,69,胜
IND,2019/3/16,客,掘金102-100步行者,70,负
IND,2019/3/18,客,开拓者106-98步行者,71,负
IND,2019/3/19,客,快船115-109步行者,72,负
IND,2019/3/2,主,魔术117-112步行者,64,负
IND,2019/3/21,客,勇士112-89步行者,73,负
IND,2019/3/24,主,掘金88-124步行者,74,胜
IND,2019/3/27,客,雷霆107-99步行者,75,负
IND,2019/3/29,客,凯尔特114-112步行者,76,负
IND,2019/3/30,主,魔术121-116步行者,77,负
IND,2019/3/5,主,公牛96-105步行者,65,胜
IND,2019/3/7,客,雄鹿117-98步行者,66,负
IND,2019/4/1,主,活塞102-111步行者,78,胜
IND,2019/4/10,客,老鹰134-135步行者,82,胜
IND,2019/4/3,客,活塞89-108步行者,79,胜
IND,2019/4/5,主,凯尔特117-97步行者,80,负
IND,2019/4/7,主,篮网108-96步行者,81,负
LAC,2018/10/17,主,掘金107-98快船,1,负
LAC,2018/10/19,主,雷霆92-108快船,2,胜
LAC,2018/10/21,主,火箭112-115快船,3,胜
LAC,2018/10/23,客,鹈鹕116-109快船,4,负
LAC,2018/10/26,客,火箭113-133快船,5,胜
LAC,2018/10/28,主,奇才104-136快船,6,胜
LAC,2018/10/30,客,雷霆128-110快船,7,负
LAC,2018/11/1,客,76人122-113快船,8,负
LAC,2018/11/10,主,雄鹿126-128快船,12,胜
LAC,2018/11/12,主,勇士116-121快船,13,胜
LAC,2018/11/15,主,马刺111-116快船,14,胜
LAC,2018/11/17,客,篮网119-127快船,15,胜
LAC,2018/11/19,客,老鹰119-127快船,16,胜
LAC,2018/11/2,客,魔术95-120快船,9,胜
LAC,2018/11/20,客,奇才125-118快船,17,负
LAC,2018/11/23,主,灰熊107-112快船,18,胜
LAC,2018/11/25,客,开拓者100-104快船,19,胜
LAC,2018/11/28,主,太阳99-115快船,20,胜
LAC,2018/11/29,客,国王121-133快船,21,胜
LAC,2018/11/5,主,森林狼109-120快船,10,胜
LAC,2018/11/8,客,开拓者116-105快船,11,负
LAC,2018/12/10,客,太阳119-123快船,26,胜
LAC,2018/12/11,主,猛龙123-99快船,27,负
LAC,2018/12/13,客,马刺125-87快船,28,负
LAC,2018/12/15,客,雷霆110-104快船,29,负
LAC,2018/12/17,主,开拓者131-127快船,30,负
LAC,2018/12/2,客,独行侠114-110快船,22,负
LAC,2018/12/20,主,独行侠121-125快船,31,胜
LAC,2018/12/22,主,掘金111-132快船,32,胜
LAC,2018/12/23,客,勇士129-127快船,33,负
LAC,2018/12/26,主,国王118-127快船,34,胜
LAC,2018/12/28,客,湖人107-118快船,35,胜
LAC,2018/12/29,主,马刺122-111快船,36,负
LAC,2018/12/3,客,鹈鹕126-129快船,23,胜
LAC,2018/12/5,客,灰熊96-86快船,24,负
LAC,2018/12/8,主,热火121-98快船,25,负
LAC,2019/1/1,主,76人119-113快船,37,负
LAC,2019/1/10,客,掘金121-100快船,41,负
LAC,2019/1/12,主,活塞109-104快船,42,负
LAC,2019/1/14,主,鹈鹕121-117快船,43,负
LAC,2019/1/16,主,爵士129-109快船,44,负
LAC,2019/1/18,主,勇士112-94快船,45,负
LAC,2019/1/20,客,马刺95-103快船,46,胜
LAC,2019/1/22,客,独行侠106-98快船,47,负
LAC,2019/1/23,客,热火99-111快船,48,胜
LAC,2019/1/25,客,公牛101-106快船,49,胜
LAC,2019/1/27,主,国王108-122快船,50,胜
LAC,2019/1/28,主,老鹰123-118快船,51,负
LAC,2019/1/31,主,湖人123-120快船,52,负
LAC,2019/1/4,客,太阳111-121快船,38,胜
LAC,2019/1/6,主,魔术96-106快船,39,胜
LAC,2019/1/8,主,黄蜂109-128快船,40,胜
LAC,2019/2/11,客,森林狼130-120快船,58,负
LAC,2019/2/13,主,太阳107-134快船,59,胜
LAC,2019/2/2,客,活塞101-111快船,53,胜
LAC,2019/2/22,客,灰熊106-112快船,60,胜
LAC,2019/2/24,客,掘金123-96快船,61,负
LAC,2019/2/25,主,独行侠112-121快船,62,胜
LAC,2019/2/27,客,爵士111-105快船,63,负
LAC,2019/2/3,客,猛龙121-103快船,54,负
LAC,2019/2/5,客,黄蜂115-117快船,55,胜
LAC,2019/2/7,客,步行者116-92快船,56,负
LAC,2019/2/9,客,凯尔特112-123快船,57,胜
LAC,2019/3/1,客,国王109-116快船,64,胜
LAC,2019/3/11,主,凯尔特115-140快船,68,胜
LAC,2019/3/12,主,开拓者125-104快船,69,负
LAC,2019/3/15,主,公牛121-128快船,70,胜
LAC,2019/3/17,主,篮网116-119快船,71,胜
LAC,2019/3/19,主,步行者109-115快船,72,胜
LAC,2019/3/22,客,骑士108-110快船,73,胜
LAC,2019/3/24,客,尼克斯113-124快船,74,胜
LAC,2019/3/26,客,森林狼111-122快船,75,胜
LAC,2019/3/28,客,雄鹿128-118快船,76,负
LAC,2019/3/3,主,尼克斯107-128快船,65,胜
LAC,2019/3/30,主,骑士108-132快船,77,胜
LAC,2019/3/31,主,灰熊96-113快船,78,胜
LAC,2019/3/4,客,湖人105-113快船,66,胜
LAC,2019/3/8,主,雷霆110-118快船,67,胜
LAC,2019/4/10,主,爵士137-143快船,82,胜
LAC,2019/4/3,主,火箭135-103快船,79,负
LAC,2019/4/5,主,湖人122-117快船,80,负
LAC,2019/4/7,客,勇士131-104快船,81,负
LAL,2018/10/18,客,开拓者128-119湖人,1,负
LAL,2018/10/20,主,火箭124-115湖人,2,负
LAL,2018/10/22,主,马刺143-142湖人,3,负
LAL,2018/10/24,客,太阳113-131湖人,4,胜
LAL,2018/10/25,主,掘金114-121湖人,5,胜
LAL,2018/10/27,客,马刺110-106湖人,6,负
LAL,2018/10/29,客,森林狼124-120湖人,7,负
LAL,2018/10/31,主,独行侠113-114湖人,8,胜
LAL,2018/11/10,客,国王86-101湖人,12,胜
LAL,2018/11/11,主,老鹰106-107湖人,13,胜
LAL,2018/11/14,主,开拓者117-126湖人,14,胜
LAL,2018/11/17,客,魔术130-117湖人,15,负
LAL,2018/11/18,客,热火97-113湖人,16,胜
LAL,2018/11/21,客,骑士105-109湖人,17,胜
LAL,2018/11/23,主,爵士83-90湖人,18,胜
LAL,2018/11/25,主,魔术108-104湖人,19,负
LAL,2018/11/27,客,掘金117-85湖人,20,负
LAL,2018/11/29,主,步行者96-104湖人,21,胜
LAL,2018/11/3,客,开拓者110-114湖人,9,胜
LAL,2018/11/30,主,独行侠103-114湖人,22,胜
LAL,2018/11/4,主,猛龙121-107湖人,10,负
LAL,2018/11/7,主,森林狼110-114湖人,11,胜
LAL,2018/12/10,主,热火105-108湖人,27,胜
LAL,2018/12/13,客,火箭126-111湖人,28,负
LAL,2018/12/15,客,黄蜂100-128湖人,29,胜
LAL,2018/12/16,客,奇才128-110湖人,30,负
LAL,2018/12/18,客,篮网115-110湖人,31,负
LAL,2018/12/2,主,太阳96-120湖人,23,胜
LAL,2018/12/21,主,鹈鹕104-112湖人,32,胜
LAL,2018/12/23,主,灰熊107-99湖人,33,负
LAL,2018/12/25,客,勇士101-127湖人,34,胜
LAL,2018/12/27,客,国王117-116湖人,35,负
LAL,2018/12/28,主,快船118-107湖人,36,负
LAL,2018/12/30,主,国王114-121湖人,37,胜
LAL,2018/12/5,主,马刺113-121湖人,24,胜
LAL,2018/12/7,客,马刺133-120湖人,25,负
LAL,2018/12/8,客,灰熊88-111湖人,26,胜
LAL,2019/1/11,客,爵士113-95湖人,43,负
LAL,2019/1/13,主,骑士101-95湖人,44,负
LAL,2019/1/15,主,公牛100-107湖人,45,胜
LAL,2019/1/17,客,雷霆128-138湖人,46,胜
LAL,2019/1/19,客,火箭138-134湖人,47,负
LAL,2019/1/2,主,雷霆107-100湖人,38,负
LAL,2019/1/21,主,勇士130-111湖人,48,负
LAL,2019/1/24,主,森林狼120-105湖人,49,负
LAL,2019/1/27,主,太阳102-116湖人,50,胜
LAL,2019/1/29,主,76人121-105湖人,51,负
LAL,2019/1/31,客,快船120-123湖人,52,胜
LAL,2019/1/4,主,尼克斯119-112湖人,39,负
LAL,2019/1/6,客,森林狼108-86湖人,40,负
LAL,2019/1/7,客,独行侠97-107湖人,41,胜
LAL,2019/1/9,主,活塞100-113湖人,42,胜
LAL,2019/2/10,客,76人143-120湖人,56,负
LAL,2019/2/12,客,老鹰117-113湖人,57,负
LAL,2019/2/2,客,勇士115-101湖人,53,负
LAL,2019/2/21,主,火箭106-111湖人,58,胜
LAL,2019/2/23,客,鹈鹕128-115湖人,59,负
LAL,2019/2/25,客,灰熊110-105湖人,60,负
LAL,2019/2/27,主,鹈鹕119-125湖人,61,胜
LAL,2019/2/5,客,步行者136-94湖人,54,负
LAL,2019/2/7,客,凯尔特128-129湖人,55,胜
LAL,2019/3/1,主,雄鹿131-120湖人,62,负
LAL,2019/3/12,客,公牛107-123湖人,67,胜
LAL,2019/3/14,客,猛龙111-98湖人,68,负
LAL,2019/3/15,客,活塞111-97湖人,69,负
LAL,2019/3/17,客,尼克斯124-123湖人,70,负
LAL,2019/3/19,客,雄鹿115-101湖人,71,负
LAL,2019/3/2,客,太阳118-109湖人,63,负
LAL,2019/3/22,主,篮网111-106湖人,72,负
LAL,2019/3/24,主,国王106-111湖人,73,胜
LAL,2019/3/26,主,奇才106-124湖人,74,胜
LAL,2019/3/27,客,爵士115-100湖人,75,负
LAL,2019/3/29,主,黄蜂115-129湖人,76,胜
LAL,2019/3/31,客,鹈鹕102-130湖人,77,胜
LAL,2019/3/4,主,快船113-105湖人,64,负
LAL,2019/3/6,主,掘金115-99湖人,65,负
LAL,2019/3/9,主,凯尔特120-107湖人,66,负
LAL,2019/4/2,客,雷霆119-103湖人,78,负
LAL,2019/4/4,主,勇士108-90湖人,79,负
LAL,2019/4/5,客,快船117-122湖人,80,胜
LAL,2019/4/7,主,爵士109-113湖人,81,胜
LAL,2019/4/9,主,开拓者104-101湖人,82,负
MEM,2018/10/17,客,步行者111-83灰熊,1,负
MEM,2018/10/19,主,老鹰117-131灰熊,2,胜
MEM,2018/10/22,客,爵士84-92灰熊,3,胜
MEM,2018/10/24,客,国王97-92灰熊,4,负
MEM,2018/10/27,主,太阳96-117灰熊,5,胜
MEM,2018/10/30,主,奇才95-107灰熊,6,胜
MEM,2018/11/10,主,76人106-112灰熊,11,胜
MEM,2018/11/12,主,爵士96-88灰熊,12,负
MEM,2018/11/14,客,雄鹿113-116灰熊,13,胜
MEM,2018/11/16,主,国王104-112灰熊,14,胜
MEM,2018/11/18,客,森林狼87-100灰熊,15,胜
MEM,2018/11/19,主,独行侠88-98灰熊,16,胜
MEM,2018/11/2,客,爵士100-110灰熊,7,胜
MEM,2018/11/21,客,马刺103-104灰熊,17,胜
MEM,2018/11/23,客,快船112-107灰熊,18,负
MEM,2018/11/25,主,尼克斯103-98灰熊,19,负
MEM,2018/11/27,主,猛龙122-114灰熊,20,负
MEM,2018/11/30,客,篮网125-131灰熊,21,胜
MEM,2018/11/4,客,太阳102-100灰熊,8,负
MEM,2018/11/5,客,勇士117-101灰熊,9,负
MEM,2018/11/7,主,掘金87-89灰熊,10,胜
MEM,2018/12/10,客,掘金105-99灰熊,26,负
MEM,2018/12/12,主,开拓者83-92灰熊,27,胜
MEM,2018/12/14,主,热火100-97灰熊,28,负
MEM,2018/12/15,主,火箭105-97灰熊,29,负
MEM,2018/12/17,客,勇士110-93灰熊,30,负
MEM,2018/12/19,客,开拓者99-92灰熊,31,负
MEM,2018/12/2,客,76人103-95灰熊,22,负
MEM,2018/12/21,客,国王102-99灰熊,32,负
MEM,2018/12/23,客,湖人99-107灰熊,33,胜
MEM,2018/12/26,主,骑士87-95灰熊,34,胜
MEM,2018/12/29,主,凯尔特112-103灰熊,35,负
MEM,2018/12/31,客,火箭113-101灰熊,36,负
MEM,2018/12/5,主,快船86-96灰熊,23,胜
MEM,2018/12/7,客,鹈鹕103-107灰熊,24,胜
MEM,2018/12/8,主,湖人111-88灰熊,25,负
MEM,2019/1/12,客,热火112-108灰熊,42,负
MEM,2019/1/14,客,火箭112-94灰熊,43,负
MEM,2019/1/16,主,雄鹿111-101灰熊,44,负
MEM,2019/1/18,客,凯尔特122-116灰熊,45,负
MEM,2019/1/19,客,猛龙119-90灰熊,46,负
MEM,2019/1/2,主,活塞101-94灰熊,37,负
MEM,2019/1/21,主,鹈鹕105-85灰熊,47,负
MEM,2019/1/23,主,黄蜂118-107灰熊,48,负
MEM,2019/1/25,主,国王99-96灰熊,49,负
MEM,2019/1/26,主,步行者103-106灰熊,50,胜
MEM,2019/1/28,主,掘金95-92灰熊,51,负
MEM,2019/1/30,客,森林狼99-97灰熊,52,负
MEM,2019/1/4,主,篮网109-100灰熊,38,负
MEM,2019/1/5,客,马刺108-88灰熊,39,负
MEM,2019/1/7,客,鹈鹕114-95灰熊,40,负
MEM,2019/1/9,主,马刺86-96灰熊,41,胜
MEM,2019/2/1,客,黄蜂100-92灰熊,53,负
MEM,2019/2/12,主,马刺108-107灰熊,58,负
MEM,2019/2/13,客,公牛122-110灰熊,59,负
MEM,2019/2/22,主,快船112-106灰熊,60,负
MEM,2019/2/23,客,骑士112-107灰熊,61,负
MEM,2019/2/25,主,湖人105-110灰熊,62,胜
MEM,2019/2/27,主,公牛109-107灰熊,63,负
MEM,2019/2/3,客,尼克斯84-96灰熊,54,胜
MEM,2019/2/5,主,森林狼106-108灰熊,55,胜
MEM,2019/2/7,客,雷霆117-95灰熊,56,负
MEM,2019/2/9,主,鹈鹕90-99灰熊,57,胜
MEM,2019/3/10,主,魔术97-105灰熊,68,胜
MEM,2019/3/13,客,老鹰132-111灰熊,69,负
MEM,2019/3/16,客,奇才135-128灰熊,70,负
MEM,2019/3/2,客,独行侠81-111灰熊,64,胜
MEM,2019/3/20,主,火箭125-126灰熊,71,胜
MEM,2019/3/22,客,魔术123-119灰熊,72,负
MEM,2019/3/23,主,森林狼112-99灰熊,73,负
MEM,2019/3/25,主,雷霆103-115灰熊,74,胜
MEM,2019/3/27,主,勇士118-103灰熊,75,负
MEM,2019/3/3,客,雷霆99-95灰熊,65,负
MEM,2019/3/30,客,太阳115-120灰熊,76,胜
MEM,2019/3/31,客,快船113-96灰熊,77,负
MEM,2019/3/5,主,开拓者111-120灰熊,66,胜
MEM,2019/3/8,主,爵士104-114灰熊,67,胜
MEM,2019/4/10,主,勇士117-132灰熊,82,胜
MEM,2019/4/3,客,开拓者116-89灰熊,78,负
MEM,2019/4/5,客,独行侠112-122灰熊,79,胜
MEM,2019/4/7,主,独行侠129-127灰熊,80,负
MEM,2019/4/9,客,活塞100-93灰熊,81,负
MIA,2018/10/17,客,魔术104-101热火,1,负
MIA,2018/10/18,客,奇才112-113热火,2,胜
MIA,2018/10/20,主,黄蜂113-112热火,3,负
MIA,2018/10/24,主,尼克斯87-110热火,4,胜
MIA,2018/10/27,主,开拓者111-120热火,5,胜
MIA,2018/10/29,主,国王123-113热火,6,负
MIA,2018/10/30,客,黄蜂125-113热火,7,负
MIA,2018/11/10,主,奇才116-110热火,12,负
MIA,2018/11/12,主,76人124-114热火,13,负
MIA,2018/11/14,客,篮网107-120热火,14,胜
MIA,2018/11/16,客,步行者99-91热火,15,负
MIA,2018/11/18,主,湖人113-97热火,16,负
MIA,2018/11/20,主,篮网104-92热火,17,负
MIA,2018/11/23,客,公牛96-103热火,18,胜
MIA,2018/11/25,客,猛龙125-115热火,19,负
MIA,2018/11/27,主,老鹰115-113热火,20,负
MIA,2018/11/3,客,老鹰123-118热火,8,负
MIA,2018/11/30,主,鹈鹕101-106热火,21,胜
MIA,2018/11/5,客,活塞115-120热火,9,胜
MIA,2018/11/7,主,马刺88-95热火,10,胜
MIA,2018/11/9,主,步行者110-102热火,11,负
MIA,2018/12/10,客,湖人108-105热火,26,负
MIA,2018/12/12,客,爵士111-84热火,27,负
MIA,2018/12/14,客,灰熊97-100热火,28,胜
MIA,2018/12/16,客,鹈鹕96-102热火,29,胜
MIA,2018/12/2,主,爵士100-102热火,22,胜
MIA,2018/12/20,主,火箭99-101热火,30,胜
MIA,2018/12/22,主,雄鹿87-94热火,31,胜
MIA,2018/12/23,客,魔术91-115热火,32,胜
MIA,2018/12/26,主,猛龙106-104热火,33,负
MIA,2018/12/28,主,骑士94-118热火,34,胜
MIA,2018/12/30,主,森林狼113-104热火,35,负
MIA,2018/12/4,主,魔术105-90热火,23,负
MIA,2018/12/7,客,太阳98-115热火,24,胜
MIA,2018/12/8,客,快船98-121热火,25,胜
MIA,2019/1/10,主,凯尔特99-115热火,40,胜
MIA,2019/1/12,主,灰熊108-112热火,41,胜
MIA,2019/1/15,客,雄鹿124-86热火,42,负
MIA,2019/1/18,客,活塞98-93热火,43,负
MIA,2019/1/19,客,公牛103-117热火,44,胜
MIA,2019/1/2,客,骑士92-117热火,36,胜
MIA,2019/1/21,客,凯尔特107-99热火,45,负
MIA,2019/1/23,主,快船111-99热火,46,负
MIA,2019/1/25,客,骑士94-100热火,47,胜
MIA,2019/1/27,客,尼克斯97-106热火,48,胜
MIA,2019/1/30,主,公牛105-89热火,49,负
MIA,2019/1/4,主,奇才109-115热火,37,胜
MIA,2019/1/6,客,老鹰106-82热火,38,负
MIA,2019/1/8,主,掘金103-99热火,39,负
MIA,2019/2/1,主,雷霆118-102热火,50,负
MIA,2019/2/10,客,勇士120-118热火,54,负
MIA,2019/2/11,客,掘金103-87热火,55,负
MIA,2019/2/13,客,独行侠101-112热火,56,胜
MIA,2019/2/2,主,步行者95-88热火,51,负
MIA,2019/2/21,客,76人106-102热火,57,负
MIA,2019/2/23,主,活塞119-96热火,58,负
MIA,2019/2/25,主,太阳124-121热火,59,负
MIA,2019/2/27,主,勇士125-126热火,60,胜
MIA,2019/2/28,客,火箭121-118热火,61,负
MIA,2019/2/5,客,开拓者108-118热火,52,胜
MIA,2019/2/8,客,国王102-96热火,53,负
MIA,2019/3/10,主,猛龙125-104热火,66,负
MIA,2019/3/13,主,活塞74-108热火,67,胜
MIA,2019/3/15,主,雄鹿113-98热火,68,负
MIA,2019/3/17,主,黄蜂75-93热火,69,胜
MIA,2019/3/18,客,雷霆107-116热火,70,胜
MIA,2019/3/2,主,篮网88-117热火,62,胜
MIA,2019/3/20,客,马刺105-110热火,71,胜
MIA,2019/3/22,客,雄鹿116-87热火,72,负
MIA,2019/3/23,客,奇才108-113热火,73,胜
MIA,2019/3/26,主,魔术104-99热火,74,负
MIA,2019/3/28,主,独行侠99-105热火,75,胜
MIA,2019/3/30,客,尼克斯92-100热火,76,胜
MIA,2019/3/4,主,老鹰113-114热火,63,胜
MIA,2019/3/6,客,黄蜂84-91热火,64,胜
MIA,2019/3/8,主,骑士110-126热火,65,胜
MIA,2019/4/1,客,凯尔特110-105热火,77,负
MIA,2019/4/10,客,篮网113-94热火,82,负
MIA,2019/4/3,主,凯尔特112-102热火,78,负
MIA,2019/4/5,客,森林狼111-109热火,79,负
MIA,2019/4/7,客,猛龙117-109热火,80,负
MIA,2019/4/9,主,76人99-122热火,81,胜
MIL,2018/10/17,客,黄蜂112-113雄鹿,1,胜
MIL,2018/10/19,主,步行者101-118雄鹿,2,胜
MIL,2018/10/22,主,尼克斯113-124雄鹿,3,胜
MIL,2018/10/24,主,76人108-123雄鹿,4,胜
MIL,2018/10/26,客,森林狼95-125雄鹿,5,胜
MIL,2018/10/27,主,魔术91-113雄鹿,6,胜
MIL,2018/10/29,主,猛龙109-124雄鹿,7,胜
MIL,2018/11/1,客,凯尔特117-113雄鹿,8,负
MIL,2018/11/10,客,快船128-126雄鹿,12,负
MIL,2018/11/11,客,掘金114-121雄鹿,13,胜
MIL,2018/11/14,主,灰熊116-113雄鹿,14,负
MIL,2018/11/16,主,公牛104-123雄鹿,15,胜
MIL,2018/11/19,主,掘金98-104雄鹿,16,胜
MIL,2018/11/21,主,开拓者100-143雄鹿,17,胜
MIL,2018/11/23,主,太阳116-114雄鹿,18,负
MIL,2018/11/24,主,马刺129-135雄鹿,19,胜
MIL,2018/11/26,客,黄蜂110-107雄鹿,20,负
MIL,2018/11/28,主,公牛113-116雄鹿,21,胜
MIL,2018/11/4,主,国王109-144雄鹿,9,胜
MIL,2018/11/6,客,开拓者118-103雄鹿,10,负
MIL,2018/11/8,客,勇士111-134雄鹿,11,胜
MIL,2018/12/1,客,尼克斯136-134雄鹿,22,负
MIL,2018/12/10,主,骑士92-108雄鹿,26,胜
MIL,2018/12/12,客,步行者113-97雄鹿,27,负
MIL,2018/12/14,客,骑士102-114雄鹿,28,胜
MIL,2018/12/17,客,活塞104-107雄鹿,29,胜
MIL,2018/12/19,主,鹈鹕115-123雄鹿,30,胜
MIL,2018/12/21,客,凯尔特107-120雄鹿,31,胜
MIL,2018/12/22,客,热火94-87雄鹿,32,负
MIL,2018/12/25,客,尼克斯95-109雄鹿,33,胜
MIL,2018/12/27,主,尼克斯96-112雄鹿,34,胜
MIL,2018/12/29,主,篮网115-129雄鹿,35,胜
MIL,2018/12/5,主,活塞92-115雄鹿,23,胜
MIL,2018/12/7,主,勇士105-95雄鹿,24,负
MIL,2018/12/9,客,猛龙99-104雄鹿,25,胜
MIL,2019/1/1,主,活塞98-121雄鹿,36,胜
MIL,2019/1/11,客,奇才113-106雄鹿,41,负
MIL,2019/1/13,客,老鹰114-133雄鹿,42,胜
MIL,2019/1/15,主,热火86-124雄鹿,43,胜
MIL,2019/1/16,客,灰熊101-111雄鹿,44,胜
MIL,2019/1/19,客,魔术108-118雄鹿,45,胜
MIL,2019/1/21,主,独行侠106-116雄鹿,46,胜
MIL,2019/1/25,主,黄蜂99-108雄鹿,47,胜
MIL,2019/1/27,客,雷霆118-112雄鹿,48,负
MIL,2019/1/29,客,活塞105-115雄鹿,49,胜
MIL,2019/1/31,客,猛龙92-105雄鹿,50,胜
MIL,2019/1/4,主,老鹰112-144雄鹿,37,胜
MIL,2019/1/5,主,猛龙123-116雄鹿,38,负
MIL,2019/1/7,主,爵士102-114雄鹿,39,胜
MIL,2019/1/9,客,火箭109-116雄鹿,40,胜
MIL,2019/2/11,客,公牛99-112雄鹿,56,胜
MIL,2019/2/13,客,步行者97-106雄鹿,57,胜
MIL,2019/2/2,客,奇才115-131雄鹿,51,胜
MIL,2019/2/21,主,凯尔特97-98雄鹿,58,胜
MIL,2019/2/23,主,森林狼128-140雄鹿,59,胜
MIL,2019/2/25,客,公牛106-117雄鹿,60,胜
MIL,2019/2/27,客,国王140-141雄鹿,61,胜
MIL,2019/2/4,客,篮网94-113雄鹿,52,胜
MIL,2019/2/6,主,奇才129-148雄鹿,53,胜
MIL,2019/2/8,客,独行侠107-122雄鹿,54,胜
MIL,2019/2/9,主,魔术103-83雄鹿,55,负
MIL,2019/3/1,客,湖人120-131雄鹿,62,胜
MIL,2019/3/10,客,马刺121-114雄鹿,67,负
MIL,2019/3/12,客,鹈鹕113-130雄鹿,68,胜
MIL,2019/3/15,客,热火98-113雄鹿,69,胜
MIL,2019/3/17,主,76人130-125雄鹿,70,负
MIL,2019/3/19,主,湖人101-115雄鹿,71,胜
MIL,2019/3/2,客,爵士115-111雄鹿,63,负
MIL,2019/3/20,客,骑士107-102雄鹿,72,负
MIL,2019/3/22,主,热火87-116雄鹿,73,胜
MIL,2019/3/24,主,骑士105-127雄鹿,74,胜
MIL,2019/3/26,主,火箭94-108雄鹿,75,胜
MIL,2019/3/28,主,快船118-128雄鹿,76,胜
MIL,2019/3/31,客,老鹰136-135雄鹿,77,负
MIL,2019/3/4,客,太阳114-105雄鹿,64,负
MIL,2019/3/7,主,步行者98-117雄鹿,65,胜
MIL,2019/3/9,主,黄蜂114-131雄鹿,66,胜
MIL,2019/4/1,客,篮网121-131雄鹿,78,胜
MIL,2019/4/10,主,雷霆127-116雄鹿,82,负
MIL,2019/4/4,客,76人122-128雄鹿,79,胜
MIL,2019/4/6,主,篮网133-128雄鹿,80,负
MIL,2019/4/7,主,老鹰107-115雄鹿,81,胜
MIN,2018/10/17,客,马刺112-108森林狼,1,负
MIN,2018/10/19,主,骑士123-131森林狼,2,胜
MIN,2018/10/20,客,独行侠140-136森林狼,3,负
MIN,2018/10/22,主,步行者91-101森林狼,4,胜
MIN,2018/10/24,客,猛龙112-105森林狼,5,负
MIN,2018/10/26,主,雄鹿125-95森林狼,6,负
MIN,2018/10/29,主,湖人120-124森林狼,7,胜
MIN,2018/10/31,主,爵士125-128森林狼,8,胜
MIN,2018/11/12,主,篮网113-120森林狼,14,胜
MIN,2018/11/14,主,鹈鹕100-107森林狼,15,胜
MIN,2018/11/16,主,开拓者96-112森林狼,16,胜
MIN,2018/11/18,主,灰熊100-87森林狼,17,负
MIN,2018/11/2,客,勇士116-99森林狼,9,负
MIN,2018/11/21,主,掘金103-101森林狼,18,负
MIN,2018/11/23,客,篮网102-112森林狼,19,胜
MIN,2018/11/24,主,公牛96-111森林狼,20,胜
MIN,2018/11/26,客,骑士95-102森林狼,21,胜
MIN,2018/11/28,主,马刺89-128森林狼,22,胜
MIN,2018/11/4,客,开拓者111-81森林狼,10,负
MIN,2018/11/5,客,快船120-109森林狼,11,负
MIN,2018/11/7,客,湖人114-110森林狼,12,负
MIN,2018/11/9,客,国王121-110森林狼,13,负
MIN,2018/12/1,主,凯尔特118-109森林狼,23,负
MIN,2018/12/10,客,勇士116-108森林狼,27,负
MIN,2018/12/12,客,国王141-130森林狼,28,负
MIN,2018/12/15,客,太阳107-99森林狼,29,负
MIN,2018/12/17,主,国王105-132森林狼,30,胜
MIN,2018/12/19,主,活塞129-123森林狼,31,负
MIN,2018/12/21,客,马刺124-98森林狼,32,负
MIN,2018/12/23,客,雷霆112-114森林狼,33,胜
MIN,2018/12/26,客,公牛94-119森林狼,34,胜
MIN,2018/12/28,主,老鹰123-120森林狼,35,负
MIN,2018/12/3,主,火箭91-103森林狼,24,胜
MIN,2018/12/30,客,热火104-113森林狼,36,胜
MIN,2018/12/31,客,鹈鹕123-114森林狼,37,负
MIN,2018/12/5,主,黄蜂104-121森林狼,25,胜
MIN,2018/12/8,客,开拓者113-105森林狼,26,负
MIN,2019/1/11,主,独行侠119-115森林狼,42,负
MIN,2019/1/12,主,鹈鹕106-110森林狼,43,胜
MIN,2019/1/15,客,76人149-107森林狼,44,负
MIN,2019/1/18,主,马刺116-113森林狼,45,负
MIN,2019/1/2,客,凯尔特115-102森林狼,38,负
MIN,2019/1/20,主,太阳114-116森林狼,46,胜
MIN,2019/1/22,客,太阳91-118森林狼,47,胜
MIN,2019/1/24,客,湖人105-120森林狼,48,胜
MIN,2019/1/25,客,爵士106-102森林狼,49,负
MIN,2019/1/27,主,爵士125-111森林狼,50,负
MIN,2019/1/30,主,灰熊97-99森林狼,51,胜
MIN,2019/1/4,主,魔术103-120森林狼,39,胜
MIN,2019/1/6,主,湖人86-108森林狼,40,胜
MIN,2019/1/8,客,雷霆117-119森林狼,41,胜
MIN,2019/2/11,主,快船120-130森林狼,56,胜
MIN,2019/2/13,主,火箭111-121森林狼,57,胜
MIN,2019/2/2,主,掘金107-106森林狼,52,负
MIN,2019/2/22,客,尼克斯104-115森林狼,58,胜
MIN,2019/2/23,客,雄鹿140-128森林狼,59,负
MIN,2019/2/25,主,国王105-112森林狼,60,胜
MIN,2019/2/27,客,老鹰131-123森林狼,61,负
MIN,2019/2/28,客,步行者122-115森林狼,62,负
MIN,2019/2/5,客,灰熊108-106森林狼,53,负
MIN,2019/2/7,客,魔术122-112森林狼,54,负
MIN,2019/2/8,客,鹈鹕122-117森林狼,55,负
MIN,2019/3/10,主,尼克斯92-103森林狼,67,胜
MIN,2019/3/12,客,掘金133-107森林狼,68,负
MIN,2019/3/14,客,爵士120-100森林狼,69,负
MIN,2019/3/17,客,火箭117-102森林狼,70,负
MIN,2019/3/19,主,勇士117-107森林狼,71,负
MIN,2019/3/21,客,黄蜂113-106森林狼,72,负
MIN,2019/3/23,客,灰熊99-112森林狼,73,胜
MIN,2019/3/26,主,快船122-111森林狼,74,负
MIN,2019/3/29,主,勇士130-131森林狼,75,胜
MIN,2019/3/3,客,奇才135-121森林狼,63,负
MIN,2019/3/30,主,76人118-109森林狼,76,负
MIN,2019/3/5,主,雷霆120-131森林狼,64,胜
MIN,2019/3/6,客,活塞131-114森林狼,65,负
MIN,2019/3/9,主,奇才130-135森林狼,66,胜
MIN,2019/4/1,主,开拓者132-122森林狼,77,负
MIN,2019/4/10,客,掘金99-95森林狼,82,负
MIN,2019/4/3,客,独行侠108-110森林狼,78,胜
MIN,2019/4/5,主,热火109-111森林狼,79,胜
MIN,2019/4/7,主,雷霆132-126森林狼,80,负
MIN,2019/4/9,主,猛龙120-100森林狼,81,负
NOH,2018/10/17,客,火箭112-131鹈鹕,1,胜
NOH,2018/10/19,主,国王129-149鹈鹕,2,胜
NOH,2018/10/23,主,快船109-116鹈鹕,3,胜
NOH,2018/10/26,主,篮网115-117鹈鹕,4,胜
NOH,2018/10/27,主,爵士132-111鹈鹕,5,负
NOH,2018/10/29,客,掘金116-111鹈鹕,6,负
NOH,2018/10/31,客,勇士131-121鹈鹕,7,负
NOH,2018/11/1,客,开拓者132-119鹈鹕,8,负
NOH,2018/11/10,主,太阳99-119鹈鹕,12,胜
NOH,2018/11/12,客,猛龙110-126鹈鹕,13,胜
NOH,2018/11/14,客,森林狼107-100鹈鹕,14,负
NOH,2018/11/16,主,尼克斯124-129鹈鹕,15,胜
NOH,2018/11/17,主,掘金115-125鹈鹕,16,胜
NOH,2018/11/19,主,马刺126-140鹈鹕,17,胜
NOH,2018/11/21,客,76人121-120鹈鹕,18,负
NOH,2018/11/23,客,尼克斯114-109鹈鹕,19,负
NOH,2018/11/24,客,奇才124-114鹈鹕,20,负
NOH,2018/11/26,主,凯尔特124-107鹈鹕,21,负
NOH,2018/11/28,主,奇才104-125鹈鹕,22,胜
NOH,2018/11/3,客,马刺109-95鹈鹕,9,负
NOH,2018/11/30,客,热火106-101鹈鹕,23,负
NOH,2018/11/5,客,雷霆122-116鹈鹕,10,负
NOH,2018/11/7,主,公牛98-107鹈鹕,11,胜
NOH,2018/12/10,客,凯尔特113-100鹈鹕,29,负
NOH,2018/12/12,主,雷霆114-118鹈鹕,30,胜
NOH,2018/12/16,主,热火102-96鹈鹕,31,负
NOH,2018/12/19,客,雄鹿123-115鹈鹕,32,负
NOH,2018/12/2,客,黄蜂109-119鹈鹕,24,胜
NOH,2018/12/21,客,湖人112-104鹈鹕,33,负
NOH,2018/12/23,客,国王122-117鹈鹕,34,负
NOH,2018/12/26,客,独行侠122-119鹈鹕,35,负
NOH,2018/12/28,主,独行侠112-114鹈鹕,36,胜
NOH,2018/12/29,主,火箭108-104鹈鹕,37,负
NOH,2018/12/3,主,快船129-126鹈鹕,25,负
NOH,2018/12/31,主,森林狼114-123鹈鹕,38,胜
NOH,2018/12/5,主,独行侠106-132鹈鹕,26,胜
NOH,2018/12/7,主,灰熊107-103鹈鹕,27,负
NOH,2018/12/9,客,活塞108-116鹈鹕,28,胜
NOH,2019/1/12,客,森林狼110-106鹈鹕,43,负
NOH,2019/1/14,客,快船117-121鹈鹕,44,胜
NOH,2019/1/16,客,勇士147-140鹈鹕,45,负
NOH,2019/1/18,客,开拓者128-112鹈鹕,46,负
NOH,2019/1/2,客,篮网126-121鹈鹕,39,负
NOH,2019/1/21,客,灰熊85-105鹈鹕,47,胜
NOH,2019/1/23,主,活塞98-94鹈鹕,48,负
NOH,2019/1/24,客,雷霆122-116鹈鹕,49,负
NOH,2019/1/26,主,马刺126-114鹈鹕,50,负
NOH,2019/1/29,客,火箭116-121鹈鹕,51,胜
NOH,2019/1/30,主,掘金105-99鹈鹕,52,负
NOH,2019/1/5,客,骑士98-133鹈鹕,40,胜
NOH,2019/1/7,主,灰熊95-114鹈鹕,41,胜
NOH,2019/1/9,主,骑士124-140鹈鹕,42,胜
NOH,2019/2/12,主,魔术118-88鹈鹕,58,负
NOH,2019/2/14,主,雷霆122-131鹈鹕,59,胜
NOH,2019/2/2,客,马刺113-108鹈鹕,53,负
NOH,2019/2/22,客,步行者126-111鹈鹕,60,负
NOH,2019/2/23,主,湖人115-128鹈鹕,61,胜
NOH,2019/2/25,主,76人111-110鹈鹕,62,负
NOH,2019/2/27,客,湖人125-119鹈鹕,63,负
NOH,2019/2/4,主,步行者109-107鹈鹕,54,负
NOH,2019/2/6,客,公牛120-125鹈鹕,55,胜
NOH,2019/2/8,主,森林狼117-122鹈鹕,56,胜
NOH,2019/2/9,客,灰熊99-90鹈鹕,57,负
NOH,2019/3/1,客,太阳116-130鹈鹕,64,胜
NOH,2019/3/10,客,老鹰128-116鹈鹕,69,负
NOH,2019/3/12,主,雄鹿130-113鹈鹕,70,负
NOH,2019/3/15,主,开拓者122-110鹈鹕,71,负
NOH,2019/3/16,主,太阳138-136鹈鹕,72,负
NOH,2019/3/18,客,独行侠125-129鹈鹕,73,胜
NOH,2019/3/2,客,掘金112-120鹈鹕,65,胜
NOH,2019/3/20,客,魔术119-96鹈鹕,74,负
NOH,2019/3/24,主,火箭113-90鹈鹕,75,负
NOH,2019/3/26,主,老鹰130-120鹈鹕,76,负
NOH,2019/3/28,主,国王118-121鹈鹕,77,胜
NOH,2019/3/31,主,湖人130-102鹈鹕,78,负
NOH,2019/3/4,客,爵士112-115鹈鹕,66,胜
NOH,2019/3/6,主,爵士114-104鹈鹕,67,负
NOH,2019/3/8,主,猛龙127-104鹈鹕,68,负
NOH,2019/4/3,主,黄蜂115-109鹈鹕,79,负
NOH,2019/4/5,客,太阳133-126鹈鹕,80,负
NOH,2019/4/7,客,国王129-133鹈鹕,81,胜
NOH,2019/4/9,主,勇士112-103鹈鹕,82,负
NYK,2018/10/17,主,老鹰107-126尼克斯,1,胜
NYK,2018/10/19,客,篮网107-105尼克斯,2,负
NYK,2018/10/20,主,凯尔特103-101尼克斯,3,负
NYK,2018/10/22,客,雄鹿124-113尼克斯,4,负
NYK,2018/10/24,客,热火110-87尼克斯,5,负
NYK,2018/10/26,主,勇士128-100尼克斯,6,负
NYK,2018/10/29,主,篮网96-115尼克斯,7,胜
NYK,2018/10/31,主,步行者107-101尼克斯,8,负
NYK,2018/11/10,客,猛龙128-112尼克斯,13,负
NYK,2018/11/11,主,魔术115-89尼克斯,14,负
NYK,2018/11/14,客,雷霆128-103尼克斯,15,负
NYK,2018/11/16,客,鹈鹕129-124尼克斯,16,负
NYK,2018/11/18,客,魔术131-117尼克斯,17,负
NYK,2018/11/2,客,独行侠106-118尼克斯,9,胜
NYK,2018/11/20,主,开拓者118-114尼克斯,18,负
NYK,2018/11/21,客,凯尔特109-117尼克斯,19,胜
NYK,2018/11/23,主,鹈鹕109-114尼克斯,20,胜
NYK,2018/11/25,客,灰熊98-103尼克斯,21,胜
NYK,2018/11/27,客,活塞115-108尼克斯,22,负
NYK,2018/11/28,客,76人117-91尼克斯,23,负
NYK,2018/11/4,客,奇才108-95尼克斯,10,负
NYK,2018/11/5,主,公牛116-115尼克斯,11,负
NYK,2018/11/7,客,老鹰107-112尼克斯,12,胜
NYK,2018/12/1,主,雄鹿134-136尼克斯,24,胜
NYK,2018/12/12,客,骑士113-106尼克斯,29,负
NYK,2018/12/14,客,黄蜂124-126尼克斯,30,胜
NYK,2018/12/16,客,步行者110-99尼克斯,31,负
NYK,2018/12/17,主,太阳128-110尼克斯,32,负
NYK,2018/12/19,客,76人131-109尼克斯,33,负
NYK,2018/12/21,主,老鹰114-107尼克斯,34,负
NYK,2018/12/25,主,雄鹿109-95尼克斯,35,负
NYK,2018/12/27,客,雄鹿112-96尼克斯,36,负
NYK,2018/12/29,客,爵士129-97尼克斯,37,负
NYK,2018/12/3,主,奇才110-107尼克斯,25,负
NYK,2018/12/6,客,凯尔特128-100尼克斯,26,负
NYK,2018/12/8,主,篮网112-104尼克斯,27,负
NYK,2018/12/9,主,黄蜂119-107尼克斯,28,负
NYK,2019/1/1,客,掘金115-108尼克斯,38,负
NYK,2019/1/11,主,步行者121-106尼克斯,42,负
NYK,2019/1/13,主,76人108-105尼克斯,43,负
NYK,2019/1/17,客,奇才101-100尼克斯,44,负
NYK,2019/1/21,主,雷霆127-109尼克斯,45,负
NYK,2019/1/23,主,火箭114-110尼克斯,46,负
NYK,2019/1/25,客,篮网109-99尼克斯,47,负
NYK,2019/1/27,主,热火106-97尼克斯,48,负
NYK,2019/1/28,客,黄蜂101-92尼克斯,49,负
NYK,2019/1/30,主,独行侠114-90尼克斯,50,负
NYK,2019/1/4,客,湖人112-119尼克斯,39,胜
NYK,2019/1/7,客,开拓者111-101尼克斯,40,负
NYK,2019/1/8,客,勇士122-95尼克斯,41,负
NYK,2019/2/1,主,凯尔特113-99尼克斯,51,负
NYK,2019/2/11,客,骑士107-104尼克斯,56,负
NYK,2019/2/13,主,76人126-111尼克斯,57,负
NYK,2019/2/14,客,老鹰91-106尼克斯,58,胜
NYK,2019/2/22,主,森林狼115-104尼克斯,59,负
NYK,2019/2/24,主,马刺118-130尼克斯,60,胜
NYK,2019/2/26,主,魔术103-108尼克斯,61,胜
NYK,2019/2/28,主,骑士125-118尼克斯,62,负
NYK,2019/2/3,主,灰熊96-84尼克斯,52,负
NYK,2019/2/5,主,活塞105-92尼克斯,53,负
NYK,2019/2/8,客,活塞120-103尼克斯,54,负
NYK,2019/2/9,主,猛龙104-99尼克斯,55,负
NYK,2019/3/10,客,森林狼103-92尼克斯,67,负
NYK,2019/3/12,客,步行者103-98尼克斯,68,负
NYK,2019/3/15,客,马刺109-83尼克斯,69,负
NYK,2019/3/17,主,湖人123-124尼克斯,70,胜
NYK,2019/3/18,客,猛龙128-92尼克斯,71,负
NYK,2019/3/20,主,爵士137-116尼克斯,72,负
NYK,2019/3/22,主,掘金111-93尼克斯,73,负
NYK,2019/3/24,主,快船124-113尼克斯,74,负
NYK,2019/3/28,主,猛龙117-92尼克斯,75,负
NYK,2019/3/3,客,快船128-107尼克斯,63,负
NYK,2019/3/30,主,热火100-92尼克斯,76,负
NYK,2019/3/4,客,国王115-108尼克斯,64,负
NYK,2019/3/6,客,太阳107-96尼克斯,65,负
NYK,2019/3/9,主,国王102-94尼克斯,66,负
NYK,2019/4/1,主,公牛105-113尼克斯,77,胜
NYK,2019/4/10,主,活塞115-89尼克斯,82,负
NYK,2019/4/3,客,魔术114-100尼克斯,78,负
NYK,2019/4/5,客,火箭120-96尼克斯,79,负
NYK,2019/4/7,主,奇才110-113尼克斯,80,胜
NYK,2019/4/9,客,公牛86-96尼克斯,81,胜
OKC,2018/10/16,客,勇士108-100雷霆,1,负
OKC,2018/10/19,客,快船108-92雷霆,2,负
OKC,2018/10/21,主,国王131-120雷霆,3,负
OKC,2018/10/25,主,凯尔特101-95雷霆,4,负
OKC,2018/10/28,主,太阳110-117雷霆,5,胜
OKC,2018/10/30,主,快船110-128雷霆,6,胜
OKC,2018/11/1,客,黄蜂107-111雷霆,7,胜
OKC,2018/11/10,客,独行侠111-96雷霆,12,负
OKC,2018/11/12,主,太阳101-118雷霆,13,胜
OKC,2018/11/14,主,尼克斯103-128雷霆,14,胜
OKC,2018/11/17,客,太阳100-110雷霆,15,胜
OKC,2018/11/19,客,国王117-113雷霆,16,负
OKC,2018/11/2,客,奇才111-134雷霆,8,胜
OKC,2018/11/21,客,勇士95-123雷霆,17,胜
OKC,2018/11/23,主,黄蜂104-109雷霆,18,胜
OKC,2018/11/24,主,掘金105-98雷霆,19,负
OKC,2018/11/28,主,骑士83-100雷霆,20,胜
OKC,2018/11/30,主,老鹰109-124雷霆,21,胜
OKC,2018/11/5,主,鹈鹕116-122雷霆,9,胜
OKC,2018/11/7,客,骑士86-95雷霆,10,胜
OKC,2018/11/8,主,火箭80-98雷霆,11,胜
OKC,2018/12/10,主,爵士113-122雷霆,25,胜
OKC,2018/12/12,客,鹈鹕118-114雷霆,26,负
OKC,2018/12/14,客,掘金109-98雷霆,27,负
OKC,2018/12/15,主,快船104-110雷霆,28,胜
OKC,2018/12/17,主,公牛96-121雷霆,29,胜
OKC,2018/12/19,客,国王113-132雷霆,30,胜
OKC,2018/12/22,客,爵士106-107雷霆,31,胜
OKC,2018/12/23,主,森林狼114-112雷霆,32,负
OKC,2018/12/25,客,火箭113-109雷霆,33,负
OKC,2018/12/28,客,太阳102-118雷霆,34,胜
OKC,2018/12/3,客,活塞83-110雷霆,22,胜
OKC,2018/12/30,客,独行侠105-103雷霆,35,负
OKC,2018/12/31,主,独行侠102-122雷霆,36,胜
OKC,2018/12/5,客,篮网112-114雷霆,23,胜
OKC,2018/12/7,客,公牛114-112雷霆,24,负
OKC,2019/1/10,客,马刺154-147雷霆,41,负
OKC,2019/1/12,主,马刺112-122雷霆,42,胜
OKC,2019/1/15,客,老鹰142-126雷霆,43,负
OKC,2019/1/17,主,湖人138-128雷霆,44,负
OKC,2019/1/19,客,76人115-117雷霆,45,胜
OKC,2019/1/2,客,湖人100-107雷霆,37,胜
OKC,2019/1/21,客,尼克斯109-127雷霆,46,胜
OKC,2019/1/22,主,开拓者114-123雷霆,47,胜
OKC,2019/1/24,主,鹈鹕116-122雷霆,48,胜
OKC,2019/1/27,主,雄鹿112-118雷霆,49,胜
OKC,2019/1/29,客,魔术117-126雷霆,50,胜
OKC,2019/1/4,客,开拓者109-111雷霆,38,胜
OKC,2019/1/6,主,奇才116-98雷霆,39,负
OKC,2019/1/8,主,森林狼119-117雷霆,40,负
OKC,2019/2/1,客,热火102-118雷霆,51,胜
OKC,2019/2/11,主,开拓者111-120雷霆,56,胜
OKC,2019/2/14,客,鹈鹕131-122雷霆,57,负
OKC,2019/2/22,主,爵士147-148雷霆,58,胜
OKC,2019/2/23,主,国王119-116雷霆,59,负
OKC,2019/2/26,客,掘金121-112雷霆,60,负
OKC,2019/2/28,主,76人108-104雷霆,61,负
OKC,2019/2/3,客,凯尔特134-129雷霆,52,负
OKC,2019/2/5,主,魔术122-132雷霆,53,胜
OKC,2019/2/7,主,灰熊95-117雷霆,54,胜
OKC,2019/2/9,客,火箭112-117雷霆,55,胜
OKC,2019/3/11,客,爵士89-98雷霆,67,胜
OKC,2019/3/13,主,篮网96-108雷霆,68,胜
OKC,2019/3/14,客,步行者108-106雷霆,69,负
OKC,2019/3/16,主,勇士110-88雷霆,70,负
OKC,2019/3/18,主,热火116-107雷霆,71,负
OKC,2019/3/2,客,马刺116-102雷霆,62,负
OKC,2019/3/20,主,猛龙123-114雷霆,72,负
OKC,2019/3/22,客,猛龙109-116雷霆,73,胜
OKC,2019/3/25,客,灰熊115-103雷霆,74,负
OKC,2019/3/27,主,步行者99-107雷霆,75,胜
OKC,2019/3/29,主,掘金115-105雷霆,76,负
OKC,2019/3/3,主,灰熊95-99雷霆,63,胜
OKC,2019/3/31,主,独行侠106-103雷霆,77,负
OKC,2019/3/5,客,森林狼131-120雷霆,64,负
OKC,2019/3/7,客,开拓者121-129雷霆,65,胜
OKC,2019/3/8,客,快船118-110雷霆,66,负
OKC,2019/4/10,客,雄鹿116-127雷霆,82,胜
OKC,2019/4/2,主,湖人103-119雷霆,78,胜
OKC,2019/4/5,主,活塞110-123雷霆,79,胜
OKC,2019/4/7,客,森林狼126-132雷霆,80,胜
OKC,2019/4/9,主,火箭111-112雷霆,81,胜
ORL,2018/10/17,主,热火101-104魔术,1,胜
ORL,2018/10/19,主,黄蜂120-88魔术,2,负
ORL,2018/10/20,客,76人116-115魔术,3,负
ORL,2018/10/22,客,凯尔特90-93魔术,4,胜
ORL,2018/10/25,主,开拓者128-114魔术,5,负
ORL,2018/10/27,客,雄鹿113-91魔术,6,负
ORL,2018/10/30,主,国王107-99魔术,7,负
ORL,2018/11/11,客,尼克斯89-115魔术,13,胜
ORL,2018/11/12,客,奇才117-109魔术,14,负
ORL,2018/11/14,主,76人106-111魔术,15,胜
ORL,2018/11/17,主,湖人117-130魔术,16,胜
ORL,2018/11/18,主,尼克斯117-131魔术,17,胜
ORL,2018/11/2,主,快船120-95魔术,8,负
ORL,2018/11/20,主,猛龙93-91魔术,18,负
ORL,2018/11/23,客,掘金112-87魔术,19,负
ORL,2018/11/25,客,湖人104-108魔术,20,胜
ORL,2018/11/26,客,勇士116-110魔术,21,负
ORL,2018/11/28,客,开拓者115-112魔术,22,负
ORL,2018/11/30,客,太阳85-99魔术,23,胜
ORL,2018/11/4,客,马刺110-117魔术,9,胜
ORL,2018/11/5,主,骑士100-102魔术,10,胜
ORL,2018/11/7,主,活塞103-96魔术,11,负
ORL,2018/11/9,主,奇才108-117魔术,12,胜
ORL,2018/12/10,客,独行侠101-76魔术,27,负
ORL,2018/12/13,主,公牛91-97魔术,28,胜
ORL,2018/12/15,主,爵士89-96魔术,29,胜
ORL,2018/12/19,主,马刺129-90魔术,30,负
ORL,2018/12/21,客,公牛90-80魔术,31,负
ORL,2018/12/23,主,热火115-91魔术,32,负
ORL,2018/12/26,主,太阳122-120魔术,33,负
ORL,2018/12/28,主,猛龙87-116魔术,34,胜
ORL,2018/12/30,主,活塞107-109魔术,35,胜
ORL,2018/12/31,客,黄蜂125-100魔术,36,负
ORL,2018/12/4,客,热火90-105魔术,24,胜
ORL,2018/12/5,主,掘金124-118魔术,25,负
ORL,2018/12/7,主,步行者112-90魔术,26,负
ORL,2019/1/12,主,凯尔特103-105魔术,42,胜
ORL,2019/1/13,主,火箭109-116魔术,43,胜
ORL,2019/1/16,客,活塞120-115魔术,44,负
ORL,2019/1/18,主,篮网117-115魔术,45,负
ORL,2019/1/19,主,雄鹿118-108魔术,46,负
ORL,2019/1/2,客,公牛84-112魔术,37,胜
ORL,2019/1/21,客,老鹰103-122魔术,47,胜
ORL,2019/1/23,客,篮网114-110魔术,48,负
ORL,2019/1/25,主,奇才95-91魔术,49,负
ORL,2019/1/27,客,火箭103-98魔术,50,负
ORL,2019/1/29,主,雷霆126-117魔术,51,负
ORL,2019/1/31,主,步行者100-107魔术,52,胜
ORL,2019/1/4,客,森林狼120-103魔术,38,负
ORL,2019/1/6,客,快船106-96魔术,39,负
ORL,2019/1/7,客,国王111-95魔术,40,负
ORL,2019/1/9,客,爵士106-93魔术,41,负
ORL,2019/2/10,客,老鹰108-124魔术,57,胜
ORL,2019/2/12,客,鹈鹕88-118魔术,58,胜
ORL,2019/2/14,主,黄蜂89-127魔术,59,胜
ORL,2019/2/2,主,篮网89-102魔术,53,胜
ORL,2019/2/22,主,公牛110-109魔术,60,负
ORL,2019/2/24,客,猛龙98-113魔术,61,胜
ORL,2019/2/26,客,尼克斯108-103魔术,62,负
ORL,2019/2/28,主,勇士96-103魔术,63,胜
ORL,2019/2/5,客,雷霆132-122魔术,54,负
ORL,2019/2/7,主,森林狼112-122魔术,55,胜
ORL,2019/2/9,客,雄鹿83-103魔术,56,胜
ORL,2019/3/10,客,灰熊105-97魔术,68,负
ORL,2019/3/13,客,奇才100-90魔术,69,负
ORL,2019/3/14,主,骑士91-120魔术,70,胜
ORL,2019/3/17,主,老鹰91-101魔术,71,胜
ORL,2019/3/2,客,步行者112-117魔术,64,胜
ORL,2019/3/20,主,鹈鹕96-119魔术,72,胜
ORL,2019/3/22,主,灰熊119-123魔术,73,胜
ORL,2019/3/25,主,76人98-119魔术,74,胜
ORL,2019/3/26,客,热火99-104魔术,75,胜
ORL,2019/3/28,客,活塞115-98魔术,76,负
ORL,2019/3/3,客,骑士107-93魔术,65,负
ORL,2019/3/30,客,步行者116-121魔术,77,胜
ORL,2019/3/5,客,76人114-106魔术,66,负
ORL,2019/3/8,主,独行侠106-111魔术,67,胜
ORL,2019/4/1,客,猛龙121-109魔术,78,负
ORL,2019/4/10,客,黄蜂114-122魔术,82,胜
ORL,2019/4/3,主,尼克斯100-114魔术,79,胜
ORL,2019/4/5,主,老鹰113-149魔术,80,胜
ORL,2019/4/7,客,凯尔特108-116魔术,81,胜
PHI,2018/10/16,客,凯尔特105-87 76人,1,负
PHI,2018/10/18,主,公牛108-127 76人,2,胜
PHI,2018/10/20,主,魔术115-116 76人,3,胜
PHI,2018/10/23,客,活塞133-132 76人,4,负
PHI,2018/10/24,客,雄鹿123-108 76人,5,负
PHI,2018/10/27,主,黄蜂103-105 76人,6,胜
PHI,2018/10/29,主,老鹰92-113 76人,7,胜
PHI,2018/10/30,客,猛龙129-112 76人,8,负
PHI,2018/11/1,主,快船113-122 76人,9,胜
PHI,2018/11/10,客,灰熊112-106 76人,14,负
PHI,2018/11/12,客,热火114-124 76人,15,胜
PHI,2018/11/14,客,魔术111-106 76人,16,负
PHI,2018/11/16,主,爵士107-113 76人,17,胜
PHI,2018/11/17,客,黄蜂119-122 76人,18,胜
PHI,2018/11/19,主,太阳114-119 76人,19,胜
PHI,2018/11/21,主,鹈鹕120-121 76人,20,胜
PHI,2018/11/23,主,骑士121-112 76人,21,负
PHI,2018/11/25,客,篮网125-127 76人,22,胜
PHI,2018/11/28,主,尼克斯91-117 76人,23,胜
PHI,2018/11/3,主,活塞99-109 76人,10,胜
PHI,2018/11/30,主,奇才98-123 76人,24,胜
PHI,2018/11/4,客,篮网122-97 76人,11,负
PHI,2018/11/7,客,步行者94-100 76人,12,胜
PHI,2018/11/9,主,黄蜂132-133 76人,13,胜
PHI,2018/12/10,主,活塞102-116 76人,28,胜
PHI,2018/12/12,主,篮网127-124 76人,29,负
PHI,2018/12/14,主,步行者113-101 76人,30,负
PHI,2018/12/16,客,骑士105-128 76人,31,胜
PHI,2018/12/17,客,马刺123-96 76人,32,负
PHI,2018/12/19,主,尼克斯109-131 76人,33,胜
PHI,2018/12/2,主,灰熊95-103 76人,25,胜
PHI,2018/12/22,主,猛龙101-126 76人,34,胜
PHI,2018/12/25,客,凯尔特121-114 76人,35,负
PHI,2018/12/27,客,爵士97-114 76人,36,胜
PHI,2018/12/30,客,开拓者129-95 76人,37,负
PHI,2018/12/5,客,猛龙113-102 76人,26,负
PHI,2018/12/7,客,活塞111-117 76人,27,胜
PHI,2019/1/1,客,快船113-119 76人,38,胜
PHI,2019/1/11,主,老鹰123-121 76人,43,负
PHI,2019/1/13,客,尼克斯105-108 76人,44,胜
PHI,2019/1/15,主,森林狼107-149 76人,45,胜
PHI,2019/1/17,客,步行者96-120 76人,46,胜
PHI,2019/1/19,主,雷霆117-115 76人,47,负
PHI,2019/1/2,客,太阳127-132 76人,39,胜
PHI,2019/1/21,主,火箭93-121 76人,48,胜
PHI,2019/1/23,主,马刺120-122 76人,49,胜
PHI,2019/1/26,客,掘金126-110 76人,50,负
PHI,2019/1/29,客,湖人105-121 76人,51,胜
PHI,2019/1/31,客,勇士104-113 76人,52,胜
PHI,2019/1/5,主,独行侠100-106 76人,40,胜
PHI,2019/1/8,主,奇才115-132 76人,41,胜
PHI,2019/1/9,客,奇才123-106 76人,42,负
PHI,2019/2/10,主,湖人120-143 76人,56,胜
PHI,2019/2/12,主,凯尔特112-109 76人,57,负
PHI,2019/2/13,客,尼克斯111-126 76人,58,胜
PHI,2019/2/2,客,国王115-108 76人,53,负
PHI,2019/2/21,主,热火102-106 76人,59,胜
PHI,2019/2/23,主,开拓者130-115 76人,60,负
PHI,2019/2/25,客,鹈鹕110-111 76人,61,胜
PHI,2019/2/28,客,雷霆104-108 76人,62,胜
PHI,2019/2/5,主,猛龙119-107 76人,54,负
PHI,2019/2/8,主,掘金110-117 76人,55,胜
PHI,2019/3/10,主,步行者89-106 76人,67,胜
PHI,2019/3/12,主,骑士99-106 76人,68,胜
PHI,2019/3/15,主,国王114-123 76人,69,胜
PHI,2019/3/17,客,雄鹿125-130 76人,70,胜
PHI,2019/3/19,客,黄蜂114-118 76人,71,胜
PHI,2019/3/2,主,勇士120-117 76人,63,负
PHI,2019/3/20,主,凯尔特115-118 76人,72,胜
PHI,2019/3/23,客,老鹰129-127 76人,73,负
PHI,2019/3/25,客,魔术119-98 76人,74,负
PHI,2019/3/28,主,篮网110-123 76人,75,胜
PHI,2019/3/30,客,森林狼109-118 76人,76,胜
PHI,2019/3/5,主,魔术106-114 76人,64,胜
PHI,2019/3/6,客,公牛108-107 76人,65,负
PHI,2019/3/8,客,火箭107-91 76人,66,负
PHI,2019/4/1,客,独行侠122-102 76人,77,负
PHI,2019/4/10,主,公牛109-125 76人,82,胜
PHI,2019/4/3,客,老鹰130-122 76人,78,负
PHI,2019/4/4,主,雄鹿128-122 76人,79,负
PHI,2019/4/6,客,公牛96-116 76人,80,胜
PHI,2019/4/9,客,热火122-99 76人,81,负
PHO,2018/10/17,主,独行侠100-121太阳,1,胜
PHO,2018/10/20,客,掘金119-91太阳,2,负
PHO,2018/10/22,客,勇士123-103太阳,3,负
PHO,2018/10/24,主,湖人131-113太阳,4,负
PHO,2018/10/27,客,灰熊117-96太阳,5,负
PHO,2018/10/28,客,雷霆117-110太阳,6,负
PHO,2018/10/31,主,马刺120-90太阳,7,负
PHO,2018/11/10,客,鹈鹕119-99太阳,12,负
PHO,2018/11/12,客,雷霆118-101太阳,13,负
PHO,2018/11/14,主,马刺96-116太阳,14,胜
PHO,2018/11/17,主,雷霆110-100太阳,15,负
PHO,2018/11/19,客,76人119-114太阳,16,负
PHO,2018/11/2,主,猛龙107-98太阳,8,负
PHO,2018/11/21,客,公牛124-116太阳,17,负
PHO,2018/11/23,客,雄鹿114-116太阳,18,胜
PHO,2018/11/25,客,活塞118-107太阳,19,负
PHO,2018/11/27,主,步行者109-104太阳,20,负
PHO,2018/11/28,客,快船115-99太阳,21,负
PHO,2018/11/30,主,魔术99-85太阳,22,负
PHO,2018/11/4,主,灰熊100-102太阳,9,胜
PHO,2018/11/6,主,篮网104-82太阳,10,负
PHO,2018/11/8,主,凯尔特116-109太阳,11,负
PHO,2018/12/10,主,快船123-119太阳,27,负
PHO,2018/12/11,客,马刺111-86太阳,28,负
PHO,2018/12/13,主,独行侠89-99太阳,29,胜
PHO,2018/12/15,主,森林狼99-107太阳,30,胜
PHO,2018/12/17,客,尼克斯110-128太阳,31,胜
PHO,2018/12/19,客,凯尔特103-111太阳,32,胜
PHO,2018/12/2,客,湖人120-96太阳,23,负
PHO,2018/12/22,客,奇才149-146太阳,33,负
PHO,2018/12/23,客,篮网111-103太阳,34,负
PHO,2018/12/26,客,魔术120-122太阳,35,胜
PHO,2018/12/28,主,雷霆118-102太阳,36,负
PHO,2018/12/29,主,掘金122-118太阳,37,负
PHO,2018/12/31,主,勇士132-109太阳,38,负
PHO,2018/12/4,主,国王122-105太阳,24,负
PHO,2018/12/6,客,开拓者108-86太阳,25,负
PHO,2018/12/7,主,热火115-98太阳,26,负
PHO,2019/1/12,主,掘金93-102太阳,44,胜
PHO,2019/1/15,客,步行者131-97太阳,45,负
PHO,2019/1/17,客,猛龙111-109太阳,46,负
PHO,2019/1/19,客,黄蜂135-115太阳,47,负
PHO,2019/1/2,主,76人132-127太阳,39,负
PHO,2019/1/20,客,森林狼116-114太阳,48,负
PHO,2019/1/22,主,森林狼118-91太阳,49,负
PHO,2019/1/24,主,开拓者120-106太阳,50,负
PHO,2019/1/25,客,掘金132-95太阳,51,负
PHO,2019/1/27,客,湖人116-102太阳,52,负
PHO,2019/1/29,客,马刺126-124太阳,53,负
PHO,2019/1/4,主,快船121-111太阳,40,负
PHO,2019/1/6,主,黄蜂119-113太阳,41,负
PHO,2019/1/8,主,国王111-115太阳,42,胜
PHO,2019/1/9,客,独行侠104-94太阳,43,负
PHO,2019/2/10,客,国王117-104太阳,58,负
PHO,2019/2/13,客,快船134-107太阳,59,负
PHO,2019/2/2,主,老鹰118-112太阳,54,负
PHO,2019/2/21,客,骑士111-98太阳,60,负
PHO,2019/2/23,客,老鹰120-112太阳,61,负
PHO,2019/2/25,客,热火121-124太阳,62,胜
PHO,2019/2/4,主,火箭118-110太阳,55,负
PHO,2019/2/6,客,爵士116-88太阳,56,负
PHO,2019/2/8,主,勇士117-107太阳,57,负
PHO,2019/3/1,主,鹈鹕130-116太阳,63,负
PHO,2019/3/10,客,勇士111-115太阳,68,胜
PHO,2019/3/13,主,爵士114-97太阳,69,负
PHO,2019/3/15,客,火箭108-102太阳,70,负
PHO,2019/3/16,客,鹈鹕136-138太阳,71,胜
PHO,2019/3/18,主,公牛116-101太阳,72,负
PHO,2019/3/2,主,湖人109-118太阳,64,胜
PHO,2019/3/21,主,活塞118-98太阳,73,负
PHO,2019/3/23,客,国王112-103太阳,74,负
PHO,2019/3/25,客,爵士125-92太阳,75,负
PHO,2019/3/27,主,奇才124-121太阳,76,负
PHO,2019/3/30,主,灰熊120-115太阳,77,负
PHO,2019/3/4,主,雄鹿105-114太阳,65,胜
PHO,2019/3/6,主,尼克斯96-107太阳,66,胜
PHO,2019/3/9,客,开拓者127-120太阳,67,负
PHO,2019/4/1,主,骑士113-122太阳,78,胜
PHO,2019/4/3,主,爵士118-97太阳,79,负
PHO,2019/4/5,主,鹈鹕126-133太阳,80,胜
PHO,2019/4/7,客,火箭149-113太阳,81,负
PHO,2019/4/9,客,独行侠120-109太阳,82,负
POR,2018/10/18,主,湖人119-128开拓者,1,胜
POR,2018/10/20,主,马刺108-121开拓者,2,胜
POR,2018/10/22,主,奇才125-124开拓者,3,负
POR,2018/10/25,客,魔术114-128开拓者,4,胜
POR,2018/10/27,客,热火120-111开拓者,5,负
POR,2018/10/29,客,步行者93-103开拓者,6,胜
POR,2018/10/30,客,火箭85-104开拓者,7,胜
POR,2018/11/1,主,鹈鹕119-132开拓者,8,胜
POR,2018/11/11,主,凯尔特94-100开拓者,13,胜
POR,2018/11/14,客,湖人126-117开拓者,14,负
POR,2018/11/16,客,森林狼112-96开拓者,15,负
POR,2018/11/18,客,奇才109-119开拓者,16,胜
POR,2018/11/20,客,尼克斯114-118开拓者,17,胜
POR,2018/11/21,客,雄鹿143-100开拓者,18,负
POR,2018/11/23,客,勇士125-97开拓者,19,负
POR,2018/11/25,主,快船104-100开拓者,20,负
POR,2018/11/28,主,魔术112-115开拓者,21,胜
POR,2018/11/3,主,湖人114-110开拓者,9,负
POR,2018/11/30,主,掘金113-112开拓者,22,负
POR,2018/11/4,主,森林狼81-111开拓者,10,胜
POR,2018/11/6,主,雄鹿103-118开拓者,11,胜
POR,2018/11/8,主,快船105-116开拓者,12,胜
POR,2018/12/11,客,火箭111-104开拓者,27,负
POR,2018/12/12,客,灰熊92-83开拓者,28,负
POR,2018/12/14,主,猛龙122-128开拓者,29,胜
POR,2018/12/17,客,快船127-131开拓者,30,胜
POR,2018/12/19,主,灰熊92-99开拓者,31,胜
POR,2018/12/2,客,马刺131-118开拓者,23,负
POR,2018/12/21,主,爵士120-90开拓者,32,负
POR,2018/12/23,主,独行侠118-121开拓者,33,胜
POR,2018/12/25,客,爵士117-96开拓者,34,负
POR,2018/12/27,客,勇士109-110开拓者,35,胜
POR,2018/12/29,主,勇士115-105开拓者,36,负
POR,2018/12/30,主,76人95-129开拓者,37,胜
POR,2018/12/4,客,独行侠111-102开拓者,24,负
POR,2018/12/6,主,太阳86-108开拓者,25,胜
POR,2018/12/8,主,森林狼105-113开拓者,26,胜
POR,2019/1/1,客,国王108-113开拓者,38,胜
POR,2019/1/11,主,黄蜂96-127开拓者,43,胜
POR,2019/1/13,客,掘金116-113开拓者,44,负
POR,2019/1/14,客,国王115-107开拓者,45,负
POR,2019/1/16,主,骑士112-129开拓者,46,胜
POR,2019/1/18,主,鹈鹕112-128开拓者,47,胜
POR,2019/1/21,客,爵士104-109开拓者,48,胜
POR,2019/1/22,客,雷霆123-114开拓者,49,负
POR,2019/1/24,客,太阳106-120开拓者,50,胜
POR,2019/1/26,主,老鹰111-120开拓者,51,胜
POR,2019/1/30,主,爵士105-132开拓者,52,胜
POR,2019/1/4,主,雷霆111-109开拓者,39,负
POR,2019/1/5,主,火箭101-110开拓者,40,胜
POR,2019/1/7,主,尼克斯101-111开拓者,41,胜
POR,2019/1/9,主,公牛112-124开拓者,42,胜
POR,2019/2/10,客,独行侠102-101开拓者,55,负
POR,2019/2/11,客,雷霆120-111开拓者,56,负
POR,2019/2/13,主,勇士107-129开拓者,57,胜
POR,2019/2/21,客,篮网99-113开拓者,58,胜
POR,2019/2/23,客,76人115-130开拓者,59,胜
POR,2019/2/25,客,骑士110-123开拓者,60,胜
POR,2019/2/27,客,凯尔特92-97开拓者,61,胜
POR,2019/2/5,主,热火118-108开拓者,53,负
POR,2019/2/7,主,马刺118-127开拓者,54,胜
POR,2019/3/1,客,猛龙119-117开拓者,62,负
POR,2019/3/12,客,快船104-125开拓者,67,胜
POR,2019/3/15,客,鹈鹕110-122开拓者,68,胜
POR,2019/3/16,客,马刺108-103开拓者,69,负
POR,2019/3/18,主,步行者98-106开拓者,70,胜
POR,2019/3/20,主,独行侠118-126开拓者,71,胜
POR,2019/3/23,主,活塞112-117开拓者,72,胜
POR,2019/3/25,主,篮网144-148开拓者,73,胜
POR,2019/3/27,客,公牛98-118开拓者,74,胜
POR,2019/3/29,客,老鹰98-118开拓者,75,胜
POR,2019/3/3,客,黄蜂108-118开拓者,63,胜
POR,2019/3/30,客,活塞99-90开拓者,76,负
POR,2019/3/5,客,灰熊120-111开拓者,64,负
POR,2019/3/7,主,雷霆129-121开拓者,65,负
POR,2019/3/9,主,太阳120-127开拓者,66,胜
POR,2019/4/1,客,森林狼122-132开拓者,77,胜
POR,2019/4/10,主,国王131-136开拓者,82,胜
POR,2019/4/3,主,灰熊89-116开拓者,78,胜
POR,2019/4/5,客,掘金119-110开拓者,79,负
POR,2019/4/7,主,掘金108-115开拓者,80,胜
POR,2019/4/9,客,湖人101-104开拓者,81,胜
SAC,2018/10/17,主,爵士123-117国王,1,负
SAC,2018/10/19,客,鹈鹕149-129国王,2,负
SAC,2018/10/21,客,雷霆120-131国王,3,胜
SAC,2018/10/23,客,掘金126-112国王,4,负
SAC,2018/10/24,主,灰熊92-97国王,5,胜
SAC,2018/10/26,主,奇才112-116国王,6,胜
SAC,2018/10/29,客,热火113-123国王,7,胜
SAC,2018/10/30,客,魔术99-107国王,8,胜
SAC,2018/11/1,客,老鹰115-146国王,9,胜
SAC,2018/11/10,主,湖人101-86国王,13,负
SAC,2018/11/12,主,马刺99-104国王,14,胜
SAC,2018/11/16,客,灰熊112-104国王,15,负
SAC,2018/11/17,客,火箭132-112国王,16,负
SAC,2018/11/19,主,雷霆113-117国王,17,胜
SAC,2018/11/21,客,爵士110-119国王,18,胜
SAC,2018/11/24,客,勇士117-116国王,19,负
SAC,2018/11/25,主,爵士133-112国王,20,负
SAC,2018/11/29,主,快船133-121国王,21,负
SAC,2018/11/4,客,雄鹿144-109国王,10,负
SAC,2018/11/7,主,猛龙114-105国王,11,负
SAC,2018/11/9,主,森林狼110-121国王,12,胜
SAC,2018/12/1,主,步行者110-111国王,22,胜
SAC,2018/12/10,客,公牛89-108国王,26,胜
SAC,2018/12/12,主,森林狼130-141国王,27,胜
SAC,2018/12/14,主,勇士130-125国王,28,负
SAC,2018/12/16,客,独行侠113-120国王,29,胜
SAC,2018/12/17,客,森林狼132-105国王,30,负
SAC,2018/12/19,主,雷霆132-113国王,31,负
SAC,2018/12/21,主,灰熊99-102国王,32,胜
SAC,2018/12/23,主,鹈鹕117-122国王,33,胜
SAC,2018/12/26,客,快船127-118国王,34,负
SAC,2018/12/27,主,湖人116-117国王,35,胜
SAC,2018/12/30,客,湖人121-114国王,36,负
SAC,2018/12/4,客,太阳105-122国王,23,胜
SAC,2018/12/7,客,骑士110-129国王,24,胜
SAC,2018/12/8,客,步行者107-97国王,25,负
SAC,2019/1/1,主,开拓者113-108国王,37,负
SAC,2019/1/10,主,活塞102-112国王,42,胜
SAC,2019/1/12,主,黄蜂97-104国王,43,胜
SAC,2019/1/14,主,开拓者107-115国王,44,胜
SAC,2019/1/17,客,黄蜂114-95国王,45,负
SAC,2019/1/19,客,活塞101-103国王,46,胜
SAC,2019/1/21,客,篮网123-94国王,47,负
SAC,2019/1/22,客,猛龙120-105国王,48,负
SAC,2019/1/25,客,灰熊96-99国王,49,胜
SAC,2019/1/27,客,快船122-108国王,50,负
SAC,2019/1/3,主,掘金117-113国王,38,负
SAC,2019/1/30,主,老鹰113-135国王,51,胜
SAC,2019/1/5,主,勇士127-123国王,39,负
SAC,2019/1/7,主,魔术95-111国王,40,胜
SAC,2019/1/8,客,太阳115-111国王,41,负
SAC,2019/2/10,主,太阳104-117国王,56,胜
SAC,2019/2/13,客,掘金120-118国王,57,负
SAC,2019/2/2,主,76人108-115国王,52,胜
SAC,2019/2/21,客,勇士125-123国王,58,负
SAC,2019/2/23,客,雷霆116-119国王,59,胜
SAC,2019/2/25,客,森林狼112-105国王,60,负
SAC,2019/2/27,主,雄鹿141-140国王,61,负
SAC,2019/2/4,主,马刺112-127国王,53,胜
SAC,2019/2/6,主,火箭127-101国王,54,负
SAC,2019/2/8,主,热火96-102国王,55,胜
SAC,2019/3/1,主,快船116-109国王,62,负
SAC,2019/3/11,客,奇才121-115国王,66,负
SAC,2019/3/14,客,凯尔特126-120国王,67,负
SAC,2019/3/15,客,76人123-114国王,68,负
SAC,2019/3/17,主,公牛102-129国王,69,胜
SAC,2019/3/19,主,篮网123-121国王,70,负
SAC,2019/3/21,主,独行侠100-116国王,71,胜
SAC,2019/3/23,主,太阳103-112国王,72,胜
SAC,2019/3/24,客,湖人111-106国王,73,负
SAC,2019/3/26,客,独行侠121-125国王,74,胜
SAC,2019/3/28,客,鹈鹕121-118国王,75,负
SAC,2019/3/30,客,火箭119-108国王,76,负
SAC,2019/3/31,客,马刺106-113国王,77,胜
SAC,2019/3/4,主,尼克斯108-115国王,63,胜
SAC,2019/3/6,主,凯尔特111-109国王,64,负
SAC,2019/3/9,客,尼克斯94-102国王,65,胜
SAC,2019/4/10,客,开拓者136-131国王,82,负
SAC,2019/4/2,主,火箭130-105国王,78,负
SAC,2019/4/4,主,骑士104-117国王,79,胜
SAC,2019/4/5,客,爵士119-98国王,80,负
SAC,2019/4/7,主,鹈鹕133-129国王,81,负
SAS,2018/10/17,主,森林狼108-112马刺,1,胜
SAS,2018/10/20,客,开拓者121-108马刺,2,负
SAS,2018/10/22,客,湖人142-143马刺,3,胜
SAS,2018/10/24,主,步行者116-96马刺,4,负
SAS,2018/10/27,主,湖人106-110马刺,5,胜
SAS,2018/10/29,主,独行侠108-113马刺,6,胜
SAS,2018/10/31,客,太阳90-120马刺,7,胜
SAS,2018/11/10,主,火箭89-96马刺,11,胜
SAS,2018/11/12,客,国王104-99马刺,12,负
SAS,2018/11/14,客,太阳116-96马刺,13,负
SAS,2018/11/15,客,快船116-111马刺,14,负
SAS,2018/11/18,主,勇士92-104马刺,15,胜
SAS,2018/11/19,客,鹈鹕140-126马刺,16,负
SAS,2018/11/21,主,灰熊104-103马刺,17,负
SAS,2018/11/23,客,步行者100-111马刺,18,胜
SAS,2018/11/24,客,雄鹿135-129马刺,19,负
SAS,2018/11/26,客,公牛107-108马刺,20,胜
SAS,2018/11/28,客,森林狼128-89马刺,21,负
SAS,2018/11/3,主,鹈鹕95-109马刺,8,胜
SAS,2018/11/30,主,火箭136-105马刺,22,负
SAS,2018/11/4,主,魔术117-110马刺,9,负
SAS,2018/11/7,客,热火95-88马刺,10,负
SAS,2018/12/11,主,太阳86-111马刺,28,胜
SAS,2018/12/13,主,快船87-125马刺,29,胜
SAS,2018/12/15,主,公牛98-93马刺,30,负
SAS,2018/12/17,主,76人96-123马刺,31,胜
SAS,2018/12/19,客,魔术90-129马刺,32,胜
SAS,2018/12/2,主,开拓者118-131马刺,23,胜
SAS,2018/12/21,主,森林狼98-124马刺,33,胜
SAS,2018/12/22,客,火箭108-101马刺,34,负
SAS,2018/12/26,主,掘金103-111马刺,35,胜
SAS,2018/12/28,客,掘金102-99马刺,36,负
SAS,2018/12/29,客,快船111-122马刺,37,胜
SAS,2018/12/31,主,凯尔特111-120马刺,38,胜
SAS,2018/12/4,客,爵士139-105马刺,24,负
SAS,2018/12/5,客,湖人121-113马刺,25,负
SAS,2018/12/7,主,湖人120-133马刺,26,胜
SAS,2018/12/9,主,爵士97-110马刺,27,胜
SAS,2019/1/10,主,雷霆147-154马刺,43,胜
SAS,2019/1/12,客,雷霆122-112马刺,44,负
SAS,2019/1/14,主,黄蜂108-93马刺,45,负
SAS,2019/1/16,客,独行侠101-105马刺,46,胜
SAS,2019/1/18,客,森林狼113-116马刺,47,胜
SAS,2019/1/20,主,快船103-95马刺,48,负
SAS,2019/1/23,客,76人122-120马刺,49,负
SAS,2019/1/26,客,鹈鹕114-126马刺,50,胜
SAS,2019/1/27,主,奇才119-132马刺,51,胜
SAS,2019/1/29,主,太阳124-126马刺,52,胜
SAS,2019/1/3,主,猛龙107-125马刺,39,胜
SAS,2019/1/31,主,篮网114-117马刺,53,胜
SAS,2019/1/5,主,灰熊88-108马刺,40,胜
SAS,2019/1/7,客,活塞107-119马刺,41,胜
SAS,2019/1/9,客,灰熊96-86马刺,42,负
SAS,2019/2/12,客,灰熊107-108马刺,59,胜
SAS,2019/2/2,主,鹈鹕108-113马刺,54,胜
SAS,2019/2/22,客,猛龙120-117马刺,60,负
SAS,2019/2/24,客,尼克斯130-118马刺,61,负
SAS,2019/2/25,客,篮网101-85马刺,62,负
SAS,2019/2/27,主,活塞93-105马刺,63,胜
SAS,2019/2/4,客,国王127-112马刺,55,负
SAS,2019/2/6,客,勇士141-102马刺,56,负
SAS,2019/2/7,客,开拓者127-118马刺,57,负
SAS,2019/2/9,客,爵士125-105马刺,58,负
SAS,2019/3/10,主,雄鹿114-121马刺,67,胜
SAS,2019/3/12,客,独行侠105-112马刺,68,胜
SAS,2019/3/15,主,尼克斯83-109马刺,69,胜
SAS,2019/3/16,主,开拓者103-108马刺,70,胜
SAS,2019/3/18,主,勇士105-111马刺,71,胜
SAS,2019/3/2,主,雷霆102-116马刺,64,胜
SAS,2019/3/20,主,热火110-105马刺,72,负
SAS,2019/3/22,客,火箭111-105马刺,73,负
SAS,2019/3/24,客,凯尔特96-115马刺,74,胜
SAS,2019/3/26,客,黄蜂125-116马刺,75,负
SAS,2019/3/28,主,骑士110-116马刺,76,胜
SAS,2019/3/31,主,国王113-106马刺,77,负
SAS,2019/3/4,主,掘金103-104马刺,65,胜
SAS,2019/3/6,客,老鹰104-111马刺,66,胜
SAS,2019/4/10,主,独行侠94-105马刺,82,胜
SAS,2019/4/2,主,老鹰111-117马刺,78,胜
SAS,2019/4/3,客,掘金113-85马刺,79,负
SAS,2019/4/5,客,奇才112-129马刺,80,胜
SAS,2019/4/7,客,骑士90-112马刺,81,胜
TOR,2018/10/17,主,骑士104-116猛龙,1,胜
TOR,2018/10/19,主,凯尔特101-113猛龙,2,胜
TOR,2018/10/20,客,奇才113-117猛龙,3,胜
TOR,2018/10/22,主,黄蜂106-127猛龙,4,胜
TOR,2018/10/24,主,森林狼105-112猛龙,5,胜
TOR,2018/10/26,主,独行侠107-116猛龙,6,胜
TOR,2018/10/29,客,雄鹿124-109猛龙,7,负
TOR,2018/10/30,主,76人112-129猛龙,8,胜
TOR,2018/11/10,主,尼克斯112-128猛龙,13,胜
TOR,2018/11/12,主,鹈鹕126-110猛龙,14,负
TOR,2018/11/14,主,活塞106-104猛龙,15,负
TOR,2018/11/16,客,凯尔特123-116猛龙,16,负
TOR,2018/11/17,客,公牛83-122猛龙,17,胜
TOR,2018/11/2,客,太阳98-107猛龙,9,胜
TOR,2018/11/20,客,魔术91-93猛龙,18,胜
TOR,2018/11/21,客,老鹰108-124猛龙,19,胜
TOR,2018/11/23,主,奇才107-125猛龙,20,胜
TOR,2018/11/25,主,热火115-125猛龙,21,胜
TOR,2018/11/27,客,灰熊114-122猛龙,22,胜
TOR,2018/11/29,主,勇士128-131猛龙,23,胜
TOR,2018/11/4,客,湖人107-121猛龙,10,胜
TOR,2018/11/5,客,爵士111-124猛龙,11,胜
TOR,2018/11/7,客,国王105-114猛龙,12,胜
TOR,2018/12/1,客,骑士95-106猛龙,24,胜
TOR,2018/12/11,客,快船99-123猛龙,29,胜
TOR,2018/12/12,客,勇士93-113猛龙,30,胜
TOR,2018/12/14,客,开拓者128-122猛龙,31,负
TOR,2018/12/16,客,掘金95-86猛龙,32,负
TOR,2018/12/19,主,步行者96-99猛龙,33,胜
TOR,2018/12/21,主,骑士110-126猛龙,34,胜
TOR,2018/12/22,客,76人126-101猛龙,35,负
TOR,2018/12/26,客,热火104-106猛龙,36,胜
TOR,2018/12/28,客,魔术116-87猛龙,37,负
TOR,2018/12/3,主,掘金106-103猛龙,25,负
TOR,2018/12/30,主,公牛89-95猛龙,38,胜
TOR,2018/12/5,主,76人102-113猛龙,26,胜
TOR,2018/12/7,客,篮网106-105猛龙,27,负
TOR,2018/12/9,主,雄鹿104-99猛龙,28,负
TOR,2019/1/1,主,爵士116-122猛龙,39,胜
TOR,2019/1/11,主,篮网105-122猛龙,44,胜
TOR,2019/1/13,客,奇才138-140猛龙,45,胜
TOR,2019/1/16,客,凯尔特117-108猛龙,46,负
TOR,2019/1/17,主,太阳109-111猛龙,47,胜
TOR,2019/1/19,主,灰熊90-119猛龙,48,胜
TOR,2019/1/22,主,国王105-120猛龙,49,胜
TOR,2019/1/23,客,步行者110-106猛龙,50,负
TOR,2019/1/25,客,火箭121-119猛龙,51,负
TOR,2019/1/27,客,独行侠120-123猛龙,52,胜
TOR,2019/1/3,客,马刺125-107猛龙,40,负
TOR,2019/1/31,主,雄鹿105-92猛龙,53,负
TOR,2019/1/5,客,雄鹿116-123猛龙,41,胜
TOR,2019/1/6,主,步行者105-121猛龙,42,胜
TOR,2019/1/8,主,老鹰101-104猛龙,43,胜
TOR,2019/2/11,主,篮网125-127猛龙,58,胜
TOR,2019/2/13,主,奇才120-129猛龙,59,胜
TOR,2019/2/22,主,马刺117-120猛龙,60,胜
TOR,2019/2/24,主,魔术113-98猛龙,61,负
TOR,2019/2/26,主,凯尔特95-118猛龙,62,胜
TOR,2019/2/3,主,快船103-121猛龙,54,胜
TOR,2019/2/5,客,76人107-119猛龙,55,胜
TOR,2019/2/7,客,老鹰101-119猛龙,56,胜
TOR,2019/2/9,客,尼克斯99-104猛龙,57,胜
TOR,2019/3/1,主,开拓者117-119猛龙,63,胜
TOR,2019/3/10,客,热火104-125猛龙,67,胜
TOR,2019/3/11,客,骑士126-101猛龙,68,负
TOR,2019/3/14,主,湖人98-111猛龙,69,胜
TOR,2019/3/17,客,活塞110-107猛龙,70,负
TOR,2019/3/18,主,尼克斯92-128猛龙,71,胜
TOR,2019/3/20,客,雷霆114-123猛龙,72,胜
TOR,2019/3/22,主,雷霆116-109猛龙,73,负
TOR,2019/3/24,主,黄蜂115-114猛龙,74,负
TOR,2019/3/26,主,公牛103-112猛龙,75,胜
TOR,2019/3/28,客,尼克斯92-117猛龙,76,胜
TOR,2019/3/3,客,活塞112-107猛龙,64,负
TOR,2019/3/30,客,公牛101-124猛龙,77,胜
TOR,2019/3/5,主,火箭107-95猛龙,65,负
TOR,2019/3/8,客,鹈鹕104-127猛龙,66,胜
TOR,2019/4/1,主,魔术109-121猛龙,78,胜
TOR,2019/4/3,客,篮网105-115猛龙,79,胜
TOR,2019/4/5,客,黄蜂113-111猛龙,80,负
TOR,2019/4/7,主,热火109-117猛龙,81,胜
TOR,2019/4/9,客,森林狼100-120猛龙,82,胜
UTA,2018/10/17,客,国王117-123爵士,1,胜
UTA,2018/10/19,主,勇士124-123爵士,2,负
UTA,2018/10/22,主,灰熊92-84爵士,3,负
UTA,2018/10/24,客,火箭89-100爵士,4,胜
UTA,2018/10/27,客,鹈鹕111-132爵士,5,胜
UTA,2018/10/28,客,独行侠104-113爵士,6,胜
UTA,2018/10/31,客,森林狼128-125爵士,7,负
UTA,2018/11/12,客,灰熊88-96爵士,13,胜
UTA,2018/11/14,客,独行侠118-68爵士,14,负
UTA,2018/11/16,客,76人113-107爵士,15,负
UTA,2018/11/17,客,凯尔特86-98爵士,16,胜
UTA,2018/11/19,客,步行者121-94爵士,17,负
UTA,2018/11/2,主,灰熊110-100爵士,8,负
UTA,2018/11/21,主,国王119-110爵士,18,负
UTA,2018/11/23,客,湖人90-83爵士,19,负
UTA,2018/11/25,客,国王112-133爵士,20,胜
UTA,2018/11/26,主,步行者121-88爵士,21,负
UTA,2018/11/28,客,篮网91-101爵士,22,胜
UTA,2018/11/3,客,掘金103-88爵士,9,负
UTA,2018/11/30,客,黄蜂111-119爵士,23,胜
UTA,2018/11/5,主,猛龙124-111爵士,10,负
UTA,2018/11/7,主,独行侠102-117爵士,11,胜
UTA,2018/11/9,主,凯尔特115-123爵士,12,胜
UTA,2018/12/10,客,雷霆122-113爵士,28,负
UTA,2018/12/12,主,热火84-111爵士,29,胜
UTA,2018/12/15,客,魔术96-89爵士,30,负
UTA,2018/12/17,客,火箭102-97爵士,31,负
UTA,2018/12/19,主,勇士103-108爵士,32,胜
UTA,2018/12/2,客,热火102-100爵士,24,负
UTA,2018/12/21,客,开拓者90-120爵士,33,胜
UTA,2018/12/22,主,雷霆107-106爵士,34,负
UTA,2018/12/25,主,开拓者96-117爵士,35,胜
UTA,2018/12/27,主,76人114-97爵士,36,负
UTA,2018/12/29,主,尼克斯97-129爵士,37,胜
UTA,2018/12/4,主,马刺105-139爵士,25,胜
UTA,2018/12/6,主,火箭91-118爵士,26,胜
UTA,2018/12/9,客,马刺110-97爵士,27,负
UTA,2019/1/1,客,猛龙122-116爵士,38,负
UTA,2019/1/11,主,湖人95-113爵士,43,胜
UTA,2019/1/12,主,公牛102-110爵士,44,胜
UTA,2019/1/14,主,活塞94-100爵士,45,胜
UTA,2019/1/16,客,快船109-129爵士,46,胜
UTA,2019/1/18,主,骑士99-115爵士,47,胜
UTA,2019/1/21,主,开拓者109-104爵士,48,负
UTA,2019/1/23,主,掘金108-114爵士,49,胜
UTA,2019/1/25,主,森林狼102-106爵士,50,胜
UTA,2019/1/27,客,森林狼111-125爵士,51,胜
UTA,2019/1/30,客,开拓者132-105爵士,52,负
UTA,2019/1/4,客,骑士91-117爵士,39,胜
UTA,2019/1/5,客,活塞105-110爵士,40,胜
UTA,2019/1/7,客,雄鹿114-102爵士,41,负
UTA,2019/1/9,主,魔术93-106爵士,42,胜
UTA,2019/2/1,主,老鹰112-128爵士,53,胜
UTA,2019/2/12,客,勇士115-108爵士,57,负
UTA,2019/2/2,主,火箭125-98爵士,54,负
UTA,2019/2/22,客,雷霆148-147爵士,58,负
UTA,2019/2/23,主,独行侠109-125爵士,59,胜
UTA,2019/2/27,主,快船105-111爵士,60,胜
UTA,2019/2/28,客,掘金104-111爵士,61,胜
UTA,2019/2/6,主,太阳88-116爵士,55,胜
UTA,2019/2/9,主,马刺105-125爵士,56,胜
UTA,2019/3/11,主,雷霆98-89爵士,66,负
UTA,2019/3/13,客,太阳97-114爵士,67,胜
UTA,2019/3/14,主,森林狼100-120爵士,68,胜
UTA,2019/3/16,主,篮网98-114爵士,69,胜
UTA,2019/3/18,客,奇才95-116爵士,70,胜
UTA,2019/3/2,主,雄鹿111-115爵士,62,胜
UTA,2019/3/20,客,尼克斯116-137爵士,71,胜
UTA,2019/3/21,客,老鹰117-114爵士,72,负
UTA,2019/3/23,客,公牛83-114爵士,73,胜
UTA,2019/3/25,主,太阳92-125爵士,74,胜
UTA,2019/3/27,主,湖人100-115爵士,75,胜
UTA,2019/3/29,主,奇才124-128爵士,76,胜
UTA,2019/3/4,主,鹈鹕115-112爵士,63,负
UTA,2019/3/6,客,鹈鹕104-114爵士,64,胜
UTA,2019/3/8,客,灰熊114-104爵士,65,负
UTA,2019/4/1,主,黄蜂102-111爵士,77,胜
UTA,2019/4/10,客,快船143-137爵士,82,负
UTA,2019/4/3,客,太阳97-118爵士,78,胜
UTA,2019/4/5,主,国王98-119爵士,79,胜
UTA,2019/4/7,客,湖人113-109爵士,80,负
UTA,2019/4/9,主,掘金108-118爵士,81,胜
WAS,2018/10/18,主,热火113-112奇才,1,负
WAS,2018/10/20,主,猛龙117-113奇才,2,负
WAS,2018/10/22,客,开拓者124-125奇才,3,胜
WAS,2018/10/24,客,勇士144-122奇才,4,负
WAS,2018/10/26,客,国王116-112奇才,5,负
WAS,2018/10/28,客,快船136-104奇才,6,负
WAS,2018/10/30,客,灰熊107-95奇才,7,负
WAS,2018/11/10,客,热火110-116奇才,12,胜
WAS,2018/11/12,主,魔术109-117奇才,13,胜
WAS,2018/11/14,主,骑士95-119奇才,14,胜
WAS,2018/11/16,主,篮网115-104奇才,15,负
WAS,2018/11/18,主,开拓者119-109奇才,16,负
WAS,2018/11/2,主,雷霆134-111奇才,8,负
WAS,2018/11/20,主,快船118-125奇才,17,胜
WAS,2018/11/23,客,猛龙125-107奇才,18,负
WAS,2018/11/24,主,鹈鹕114-124奇才,19,胜
WAS,2018/11/26,主,火箭131-135奇才,20,胜
WAS,2018/11/28,客,鹈鹕125-104奇才,21,负
WAS,2018/11/30,客,76人123-98奇才,22,负
WAS,2018/11/4,主,尼克斯95-108奇才,9,胜
WAS,2018/11/6,客,独行侠119-100奇才,10,负
WAS,2018/11/9,客,魔术117-108奇才,11,负
WAS,2018/12/1,主,篮网88-102奇才,23,胜
WAS,2018/12/10,客,步行者109-101奇才,27,负
WAS,2018/12/12,主,凯尔特130-125奇才,28,负
WAS,2018/12/14,客,篮网125-118奇才,29,负
WAS,2018/12/16,主,湖人110-128奇才,30,胜
WAS,2018/12/18,客,老鹰118-110奇才,31,负
WAS,2018/12/19,客,火箭136-118奇才,32,负
WAS,2018/12/22,主,太阳146-149奇才,33,胜
WAS,2018/12/23,客,步行者105-89奇才,34,负
WAS,2018/12/26,客,活塞106-95奇才,35,负
WAS,2018/12/28,主,公牛101-92奇才,36,负
WAS,2018/12/29,主,黄蜂126-130奇才,37,胜
WAS,2018/12/3,客,尼克斯107-110奇才,24,胜
WAS,2018/12/5,客,老鹰117-131奇才,25,胜
WAS,2018/12/8,客,骑士116-101奇才,26,负
WAS,2019/1/11,主,雄鹿106-113奇才,43,胜
WAS,2019/1/13,主,猛龙140-138奇才,44,负
WAS,2019/1/17,主,尼克斯100-101奇才,45,胜
WAS,2019/1/2,主,老鹰98-114奇才,38,胜
WAS,2019/1/21,主,活塞87-101奇才,46,胜
WAS,2019/1/24,主,勇士126-118奇才,47,负
WAS,2019/1/25,客,魔术91-95奇才,48,胜
WAS,2019/1/27,客,马刺132-119奇才,49,负
WAS,2019/1/29,客,骑士116-113奇才,50,负
WAS,2019/1/30,主,步行者89-107奇才,51,胜
WAS,2019/1/4,客,热火115-109奇才,39,负
WAS,2019/1/6,客,雷霆98-116奇才,40,胜
WAS,2019/1/8,客,76人132-115奇才,41,负
WAS,2019/1/9,主,76人106-123奇才,42,胜
WAS,2019/2/11,客,活塞121-112奇才,57,负
WAS,2019/2/13,客,猛龙129-120奇才,58,负
WAS,2019/2/2,主,雄鹿131-115奇才,52,负
WAS,2019/2/22,客,黄蜂123-110奇才,59,负
WAS,2019/2/23,主,步行者119-112奇才,60,负
WAS,2019/2/27,客,篮网116-125奇才,61,胜
WAS,2019/2/4,主,老鹰137-129奇才,53,负
WAS,2019/2/6,客,雄鹿148-129奇才,54,负
WAS,2019/2/8,主,骑士106-119奇才,55,胜
WAS,2019/2/9,客,公牛125-134奇才,56,胜
WAS,2019/3/1,客,凯尔特107-96奇才,62,负
WAS,2019/3/11,主,国王115-121奇才,67,胜
WAS,2019/3/13,主,魔术90-100奇才,68,胜
WAS,2019/3/15,主,黄蜂116-110奇才,69,负
WAS,2019/3/16,主,灰熊128-135奇才,70,胜
WAS,2019/3/18,主,爵士116-95奇才,71,负
WAS,2019/3/20,客,公牛126-120奇才,72,负
WAS,2019/3/21,主,掘金113-108奇才,73,负
WAS,2019/3/23,主,热火113-108奇才,74,负
WAS,2019/3/26,客,湖人124-106奇才,75,负
WAS,2019/3/27,客,太阳121-124奇才,76,胜
WAS,2019/3/29,客,爵士128-124奇才,77,负
WAS,2019/3/3,主,森林狼121-135奇才,63,胜
WAS,2019/3/31,客,掘金90-95奇才,78,胜
WAS,2019/3/6,主,独行侠123-132奇才,64,胜
WAS,2019/3/8,客,黄蜂112-111奇才,65,负
WAS,2019/3/9,客,森林狼135-130奇才,66,负
WAS,2019/4/3,主,公牛115-114奇才,79,负
WAS,2019/4/5,主,马刺129-112奇才,80,负
WAS,2019/4/7,客,尼克斯113-110奇才,81,负
WAS,2019/4/9,主,凯尔特116-110奇才,82,负
