TEAM1,TEAM2,HOME,Result,_Round
"CHI","CLE","AWAY",1,1
"TOR","IND","AWAY",1,9
"POR","NOP","AWAY",1,12
"BOS","PHI","AWAY",1,14
"LAC","DAL","AWAY",1,19
"ATL","CHO","AWAY",1,23
"PHO","POR","AWAY",1,29
"OKC","DEN","AWAY",1,41
"MIA","HOU","AWAY",1,42
"LAC","PHO","AWAY",1,50
"CHO","CHI","AWAY",1,54
"IND","BOS","AWAY",1,60
"GSW","LAC","AWAY",1,62
"MIL","PHI","AWAY",1,65
"WAS","SAS","AWAY",1,68
"CHI","OKC","AWAY",1,73
"GSW","DEN","AWAY",1,76
"IND","MIA","AWAY",1,80
"CLE","PHI","AWAY",1,82
"ORL","TOR","AWAY",1,83
"BOS","WAS","AWAY",1,84
"SAS","CHO","AWAY",1,86
"DAL","NOP","AWAY",1,91
"OKC","PHO","AWAY",1,97
"GSW","DET","AWAY",1,100
"LAC","MEM","AWAY",1,101
"DEN","POR","AWAY",1,104
"NOP","DAL","AWAY",1,108
"MIA","LAL","AWAY",1,109
"DAL","LAC","AWAY",1,117
"ATL","NOP","AWAY",1,120
"CHO","NYK","AWAY",1,121
"BOS","ATL","AWAY",1,127
"CHI","CHO","AWAY",1,129
"DAL","LAL","AWAY",1,132
"OKC","PHI","AWAY",1,135
"ORL","UTA","AWAY",1,137
"GSW","BRK","AWAY",1,138
"WAS","ORL","AWAY",1,143
"SAS","PHI","AWAY",1,144
"LAL","DET","AWAY",1,146
"NYK","NOP","AWAY",1,148
"CHO","POR","AWAY",1,149
"SAC","TOR","AWAY",1,150
"CHI","IND","AWAY",1,154
"MEM","OKC","AWAY",1,156
"SAS","POR","AWAY",1,157
"DET","CLE","AWAY",1,160
"WAS","MIL","AWAY",1,162
"CHO","BRK","AWAY",1,165
"HOU","POR","AWAY",1,172
"MIA","SAC","AWAY",1,177
"CHO","PHI","AWAY",1,184
"NOP","SAS","AWAY",1,186
"MIA","PHI","AWAY",1,193
"NOP","PHO","AWAY",1,199
"MIL","DET","AWAY",1,202
"MIA","NYK","AWAY",1,203
"MIN","PHI","AWAY",1,206
"SAS","PHO","AWAY",1,207
"ATL","BOS","AWAY",1,209
"GSW","LAL","AWAY",1,214
"OKC","BRK","AWAY",1,216
"TOR","CLE","AWAY",1,217
"OKC","DET","AWAY",1,230
"ORL","MIL","AWAY",1,233
"SAS","ATL","AWAY",1,239
"DAL","DEN","AWAY",1,241
"POR","LAL","AWAY",1,242
"UTA","NOP","AWAY",1,243
"GSW","SAC","AWAY",1,244
"ORL","BOS","AWAY",1,246
"CHO","MIL","AWAY",1,250
"LAC","MIN","AWAY",1,251
"MEM","PHI","AWAY",1,252
"SAC","DAL","AWAY",1,255
"CHI","SAS","AWAY",1,261
"PHI","LAL","AWAY",1,263
"SAS","MIL","AWAY",1,272
"HOU","NOP","AWAY",1,273
"DET","PHO","AWAY",1,275
"MIA","OKC","AWAY",1,280
"NOP","CLE","AWAY",1,284
"ATL","LAL","AWAY",1,286
"DET","MIL","AWAY",1,287
"WAS","PHO","AWAY",1,288
"SAS","BOS","AWAY",1,289
"MIA","CLE","AWAY",1,291
"MIL","NYK","AWAY",1,295
"DET","LAL","AWAY",1,301
"CHO","DET","AWAY",1,306
"TOR","LAL","AWAY",1,308
"MIL","POR","AWAY",1,310
"BRK","HOU","AWAY",1,314
"CLE","POR","AWAY",1,317
"BOS","CHI","AWAY",1,320
"CHO","MIA","AWAY",1,325
"UTA","NYK","AWAY",1,326
"PHO","ORL","AWAY",1,327
"TOR","SAS","AWAY",1,328
"CHI","LAC","AWAY",1,330
"SAC","NYK","AWAY",1,331
"BRK","PHI","AWAY",1,332
"SAS","LAL","AWAY",1,337
"IND","MIA","AWAY",1,338
"TOR","MIL","AWAY",1,339
"DEN","MIN","AWAY",1,340
"OKC","UTA","AWAY",1,356
"CHI","PHI","AWAY",1,362
"DAL","PHO","AWAY",1,363
"IND","TOR","AWAY",1,364
"SAC","HOU","AWAY",1,369
"DET","BOS","AWAY",1,371
"IND","DAL","AWAY",1,373
"CHI","MEM","AWAY",1,374
"LAC","MIL","AWAY",1,376
"GSW","PHO","AWAY",1,380
"CLE","OKC","AWAY",1,384
"CHO","TOR","AWAY",1,385
"UTA","DEN","AWAY",1,388
"DAL","MEM","AWAY",1,391
"PHO","NOP","AWAY",1,393
"WAS","CHO","AWAY",1,399
"HOU","LAC","AWAY",1,401
"CLE","PHI","AWAY",1,407
"HOU","CHO","AWAY",1,411
"SAS","IND","AWAY",1,412
"WAS","SAC","AWAY",1,418
"TOR","DAL","AWAY",1,419
"ORL","HOU","AWAY",1,427
"CLE","NYK","AWAY",1,429
"GSW","CLE","AWAY",1,437
"HOU","SAS","AWAY",1,440
"POR","CLE","AWAY",1,443
"SAS","DEN","AWAY",1,444
"NOP","HOU","AWAY",1,445
"ATL","NYK","AWAY",1,450
"CHO","LAL","AWAY",1,462
"GSW","SAC","AWAY",1,467
"NYK","DET","AWAY",1,471
"MEM","MIA","AWAY",1,472
"OKC","MIL","AWAY",1,473
"POR","DEN","AWAY",1,475
"DAL","GSW","AWAY",1,476
"CHI","IND","AWAY",1,477
"UTA","POR","AWAY",1,489
"TOR","CHO","AWAY",1,490
"CHI","NYK","AWAY",1,492
"WAS","ORL","AWAY",1,493
"LAL","PHI","AWAY",1,494
"GSW","DEN","AWAY",1,496
"IND","DET","AWAY",1,497
"SAC","PHO","AWAY",1,505
"NYK","ATL","AWAY",1,506
"LAL","PHO","AWAY",1,509
"GSW","CHO","AWAY",1,512
"MIA","IND","AWAY",1,514
"PHI","MIN","AWAY",1,516
"DET","ORL","AWAY",1,517
"CLE","TOR","AWAY",1,520
"CHI","MIL","AWAY",1,522
"DAL","SAC","AWAY",1,524
"CHI","BOS","AWAY",1,537
"SAC","LAL","AWAY",1,538
"MEM","DEN","AWAY",1,542
"SAS","NYK","AWAY",1,546
"DET","BRK","AWAY",1,550
"ATL","CHI","AWAY",1,551
"UTA","MIA","AWAY",1,554
"MEM","BOS","AWAY",1,557
"DEN","CHO","AWAY",1,558
"HOU","IND","AWAY",1,561
"NYK","MIL","AWAY",1,562
"POR","OKC","AWAY",1,564
"GSW","MIA","AWAY",1,566
"NYK","BOS","AWAY",1,569
"CHO","ATL","AWAY",1,577
"DEN","GSW","AWAY",1,579
"BOS","IND","AWAY",1,580
"WAS","MIL","AWAY",1,582
"HOU","MIN","AWAY",1,583
"SAS","CLE","AWAY",1,588
"GSW","LAL","AWAY",1,590
"ATL","BRK","AWAY",1,603
"DET","GSW","AWAY",1,604
"SAS","DAL","AWAY",1,610
"MIN","PHO","AWAY",1,614
"DAL","BOS","AWAY",1,615
"LAC","HOU","AWAY",1,619
"MEM","NOP","AWAY",1,620
"ATL","ORL","AWAY",1,621
"NOP","MIN","AWAY",1,627
"TOR","BOS","AWAY",1,630
"OKC","CHO","AWAY",1,631
"NYK","UTA","AWAY",1,639
"SAC","ATL","AWAY",1,640
"NOP","DET","AWAY",1,641
"CLE","LAC","AWAY",1,642
"GSW","IND","AWAY",1,647
"TOR","MIA","AWAY",1,649
"HOU","MIL","AWAY",1,650
"PHO","ATL","AWAY",1,654
"DEN","DET","AWAY",1,656
"POR","LAL","AWAY",1,658
"MIN","MEM","AWAY",1,659
"CHO","NYK","AWAY",1,661
"TOR","LAC","AWAY",1,664
"GSW","SAS","AWAY",1,674
"MIL","ORL","AWAY",1,679
"PHI","PHO","AWAY",1,680
"POR","SAC","AWAY",1,681
"TOR","WAS","AWAY",1,682
"GSW","DAL","AWAY",1,684
"BOS","DEN","AWAY",1,685
"CLE","PHO","AWAY",1,690
"IND","ATL","AWAY",1,691
"MEM","MIL","AWAY",1,694
"TOR","NYK","AWAY",1,695
"DAL","BRK","AWAY",1,697
"POR","CHO","AWAY",1,698
"OKC","HOU","AWAY",1,700
"NYK","PHO","AWAY",1,705
"NOP","BRK","AWAY",1,706
"IND","DEN","AWAY",1,707
"TOR","DET","AWAY",1,708
"ORL","BOS","AWAY",1,714
"UTA","CHI","AWAY",1,720
"ATL","DAL","AWAY",1,722
"SAS","ORL","AWAY",1,726
"OKC","WAS","AWAY",1,728
"POR","MIL","AWAY",1,731
"LAL","MIN","AWAY",1,732
"UTA","DEN","AWAY",1,737
"BOS","DET","AWAY",1,738
"SAS","NOP","AWAY",1,743
"DET","NYK","AWAY",1,747
"DEN","CHI","AWAY",1,750
"UTA","MIL","AWAY",1,755
"MIN","CHI","AWAY",1,760
"GSW","OKC","AWAY",1,765
"CHO","WAS","AWAY",1,768
"ORL","ATL","AWAY",1,769
"BOS","SAC","AWAY",1,772
"BRK","DEN","AWAY",1,774
"IND","LAL","AWAY",1,776
"CLE","SAC","AWAY",1,781
"MIL","BOS","AWAY",1,783
"GSW","HOU","AWAY",1,784
"POR","HOU","AWAY",1,792
"BOS","LAC","AWAY",1,793
"CLE","LAL","AWAY",1,794
"MIN","TOR","AWAY",1,798
"NOP","UTA","AWAY",1,799
"MIL","WAS","AWAY",1,801
"CLE","CHI","AWAY",1,802
"ORL","DAL","AWAY",1,807
"BRK","NYK","AWAY",1,815
"CHI","LAL","AWAY",1,827
"TOR","MEM","AWAY",1,828
"DAL","PHI","AWAY",1,830
"MIN","BOS","AWAY",1,833
"LAC","PHO","AWAY",1,838
"POR","BRK","AWAY",1,840
"UTA","HOU","AWAY",1,841
"MEM","LAL","AWAY",1,848
"DET","PHI","AWAY",1,852
"BOS","MIL","AWAY",1,858
"NOP","OKC","AWAY",1,859
"ATL","CHI","AWAY",1,861
"WAS","CLE","AWAY",1,878
"DAL","MIN","AWAY",1,880
"MIL","HOU","AWAY",1,885
"WAS","PHI","AWAY",1,889
"GSW","ATL","AWAY",1,891
"DAL","ORL","AWAY",1,894
"SAS","DET","AWAY",1,899
"HOU","NOP","AWAY",1,902
"LAC","OKC","AWAY",1,903
"MEM","SAC","AWAY",1,905
"TOR","UTA","AWAY",1,906
"GSW","OKC","AWAY",1,908
"CHO","IND","AWAY",1,914
"BOS","NYK","AWAY",1,917
"TOR","POR","AWAY",1,919
"DEN","DAL","AWAY",1,930
"LAL","GSW","AWAY",1,931
"CHO","MIN","AWAY",1,940
"IND","SAS","AWAY",1,943
"TOR","BRK","AWAY",1,945
"POR","WAS","AWAY",1,949
"OKC","LAC","AWAY",1,953
"BOS","MEM","AWAY",1,954
"TOR","ATL","AWAY",1,959
"SAS","CHI","AWAY",1,960
"DEN","PHO","AWAY",1,962
"PHI","BRK","AWAY",1,963
"CHO","DET","AWAY",1,964
"LAC","NYK","AWAY",1,969
"GSW","POR","AWAY",1,971
"UTA","WAS","AWAY",1,972
"ATL","MEM","AWAY",1,976
"TOR","MIA","AWAY",1,977
"SAS","OKC","AWAY",1,979
"POR","ORL","AWAY",1,980
"GSW","PHO","AWAY",1,981
"DEN","WAS","AWAY",1,982
"UTA","CLE","AWAY",1,989
"MIA","DEN","AWAY",1,991
"WAS","DET","AWAY",1,992
"PHO","MIN","AWAY",1,994
"OKC","POR","AWAY",1,996
"ORL","DEN","AWAY",1,998
"CLE","DAL","AWAY",1,1005
"GSW","NYK","AWAY",1,1009
"CHO","ORL","AWAY",1,1011
"MIL","MEM","AWAY",1,1015
"SAS","POR","AWAY",1,1017
"TOR","BOS","AWAY",1,1020
"HOU","MIN","AWAY",1,1023
"MIA","CLE","AWAY",1,1029
"SAS","GSW","AWAY",1,1031
"ATL","HOU","AWAY",1,1032
"CHI","UTA","AWAY",1,1036
"DAL","POR","AWAY",1,1040
"CHO","SAS","AWAY",1,1050
"OKC","HOU","AWAY",1,1053
"LAL","MEM","AWAY",1,1054
"POR","DAL","AWAY",1,1057
"GSW","LAC","AWAY",1,1058
"SAS","MIA","AWAY",1,1060
"CLE","MIL","AWAY",1,1061
"DEN","PHI","AWAY",1,1064
"MIN","SAC","AWAY",1,1065
"IND","NOP","AWAY",1,1070
"LAC","POR","AWAY",1,1071
"DET","CHO","AWAY",1,1073
"SAS","MEM","AWAY",1,1076
"MIA","ORL","AWAY",1,1079
"HOU","TOR","AWAY",1,1081
"BRK","IND","AWAY",1,1087
"POR","PHI","AWAY",1,1088
"SAC","DAL","AWAY",1,1092
"LAC","DEN","AWAY",1,1093
"GSW","PHI","AWAY",1,1095
"LAC","BOS","AWAY",1,1098
"MIA","BRK","AWAY",1,1099
"POR","SAC","AWAY",1,1105
"GSW","WAS","AWAY",1,1112
"LAL","MIA","AWAY",1,1117
"DAL","NYK","AWAY",1,1119
"MIL","PHO","AWAY",1,1120
"POR","BOS","AWAY",1,1122
"CLE","BRK","AWAY",1,1123
"NYK","BRK","AWAY",1,1129
"MIL","ORL","AWAY",1,1134
"CHO","PHI","AWAY",1,1135
"CLE","CHO","AWAY",1,1145
"GSW","POR","AWAY",1,1151
"LAC","WAS","AWAY",1,1153
"MEM","CHI","AWAY",1,1154
"TOR","CHO","AWAY",1,1155
"PHI","NOP","AWAY",1,1160
"ATL","PHO","AWAY",1,1162
"WAS","BRK","AWAY",1,1165
"IND","CLE","AWAY",1,1167
"MIA","CHI","AWAY",1,1173
"ATL","TOR","AWAY",1,1177
"TOR","IND","AWAY",1,1179
"NOP","LAL","AWAY",1,1181
"ORL","MIA","AWAY",1,1183
"ATL","BOS","AWAY",1,1188
"SAC","OKC","AWAY",1,1192
"IND","BRK","AWAY",1,1194
"WAS","CHO","AWAY",1,1195
"LAC","DAL","AWAY",1,1196
"HOU","LAL","AWAY",1,1198
"MIA","ORL","AWAY",1,1200
"CLE","ATL","AWAY",1,1203
"OKC","LAL","AWAY",1,1208
"ORL","MIL","AWAY",1,1209
"LAC","MEM","AWAY",1,1212
"TOR","PHI","AWAY",1,1216
"PHO","LAC","AWAY",1,1221
"BOS","MIA","AWAY",1,1223
"MIN","NOP","AWAY",1,1224
"CHO","ORL","AWAY",1,1225
"CHI","PHI","AWAY",1,1226
"HOU","SAC","AWAY",1,1227
"CHI","BRK","HOME",1,4
"CLE","MEM","HOME",1,6
"DAL","PHO","HOME",1,7
"DEN","HOU","HOME",1,8
"GSW","HOU","HOME",1,24
"MIN","DEN","HOME",1,27
"TOR","BOS","HOME",1,30
"GSW","NOP","HOME",1,34
"NYK","WAS","HOME",1,35
"PHO","POR","HOME",1,36
"UTA","IND","HOME",1,38
"ATL","CHO","HOME",1,39
"CLE","PHI","HOME",1,46
"MIL","BRK","HOME",1,48
"POR","MIN","HOME",1,51
"DEN","LAL","HOME",1,55
"IND","DET","HOME",1,56
"ORL","NOP","HOME",1,58
"TOR","DAL","HOME",1,59
"TOR","OKC","HOME",1,69
"CHO","DAL","HOME",1,70
"HOU","SAC","HOME",1,78
"MIL","NYK","HOME",1,81
"GSW","SAC","HOME",1,87
"HOU","LAC","HOME",1,88
"MIN","CHI","HOME",1,90
"ORL","PHI","HOME",1,92
"DET","POR","HOME",1,94
"MIN","ATL","HOME",1,102
"BOS","MIL","HOME",1,106
"NYK","TOR","HOME",1,110
"OKC","WAS","HOME",1,111
"BRK","HOU","HOME",1,113
"IND","BOS","HOME",1,116
"TOR","PHI","HOME",1,123
"GSW","MIN","HOME",1,124
"CLE","NYK","HOME",1,130
"BOS","OKC","HOME",1,145
"MEM","MIN","HOME",1,147
"BOS","HOU","HOME",1,152
"DAL","PHI","HOME",1,153
"DEN","NOP","HOME",1,161
"CHI","PHO","HOME",1,166
"DAL","BOS","HOME",1,167
"NYK","HOU","HOME",1,192
"SAC","ORL","HOME",1,194
"WAS","DET","HOME",1,195
"GSW","DEN","HOME",1,198
"POR","LAL","HOME",1,200
"CHI","POR","HOME",1,210
"IND","WAS","HOME",1,212
"LAC","DEN","HOME",1,213
"ATL","MEM","HOME",1,227
"CLE","CHO","HOME",1,229
"GSW","PHO","HOME",1,231
"HOU","NYK","HOME",1,248
"PHO","TOR","HOME",1,253
"BOS","MIA","HOME",1,254
"GSW","UTA","HOME",1,257
"MEM","NOP","HOME",1,264
"IND","LAC","HOME",1,270
"TOR","ATL","HOME",1,276
"BOS","SAC","HOME",1,277
"ORL","UTA","HOME",1,281
"SAS","MEM","HOME",1,282
"CHO","CHI","HOME",1,290
"DEN","PHI","HOME",1,292
"GSW","TOR","HOME",1,293
"POR","MIN","HOME",1,297
"DAL","WAS","HOME",1,299
"GSW","BRK","HOME",1,300
"BOS","NOP","HOME",1,304
"LAC","MIN","HOME",1,307
"PHO","CHI","HOME",1,309
"SAS","PHI","HOME",1,311
"WAS","MIA","HOME",1,312
"GSW","IND","HOME",1,313
"ATL","DAL","HOME",1,319
"MEM","DET","HOME",1,324
"CHO","MEM","HOME",1,333
"GSW","BOS","HOME",1,336
"OKC","UTA","HOME",1,341
"POR","PHO","HOME",1,342
"SAS","ATL","HOME",1,351
"LAC","DET","HOME",1,358
"DEN","MIN","HOME",1,368
"MIA","BRK","HOME",1,375
"NOP","UTA","HOME",1,378
"HOU","LAL","HOME",1,383
"DET","CHI","HOME",1,389
"NYK","PHI","HOME",1,394
"TOR","MIA","HOME",1,397
"MIN","BRK","HOME",1,405
"NOP","DEN","HOME",1,406
"SAC","TOR","HOME",1,409
"BRK","CHI","HOME",1,410
"ORL","NYK","HOME",1,415
"MEM","PHI","HOME",1,422
"OKC","LAL","HOME",1,430
"SAC","IND","HOME",1,433
"SAS","MIN","HOME",1,434
"LAC","LAL","HOME",1,438
"BOS","DET","HOME",1,441
"IND","MIN","HOME",1,446
"MIA","ORL","HOME",1,449
"PHI","PHO","HOME",1,451
"BRK","MIA","HOME",1,459
"CLE","PHO","HOME",1,460
"CLE","DEN","HOME",1,470
"LAC","CHO","HOME",1,478
"GSW","HOU","HOME",1,484
"LAC","NOP","HOME",1,485
"BRK","BOS","HOME",1,495
"MIL","MIN","HOME",1,500
"NOP","DAL","HOME",1,501
"CHI","TOR","HOME",1,507
"MIA","WAS","HOME",1,508
"BOS","BRK","HOME",1,511
"HOU","UTA","HOME",1,513
"MEM","POR","HOME",1,515
"SAS","MIL","HOME",1,519
"CLE","WAS","HOME",1,526
"DAL","NOP","HOME",1,527
"DEN","MIN","HOME",1,528
"TOR","BRK","HOME",1,534
"GSW","POR","HOME",1,543
"IND","NOP","HOME",1,544
"ORL","BRK","HOME",1,548
"TOR","PHI","HOME",1,555
"CLE","PHI","HOME",1,559
"DAL","MIN","HOME",1,560
"SAS","BRK","HOME",1,567
"WAS","CHI","HOME",1,568
"OKC","MIN","HOME",1,574
"NOP","SAC","HOME",1,584
"TOR","ORL","HOME",1,592
"CLE","HOU","HOME",1,595
"DAL","CHI","HOME",1,596
"MIA","DEN","HOME",1,597
"POR","BRK","HOME",1,600
"WAS","IND","HOME",1,601
"MIL","CHO","HOME",1,606
"SAC","LAC","HOME",1,609
"CHI","DET","HOME",1,617
"GSW","CLE","HOME",1,618
"IND","PHO","HOME",1,625
"CLE","BRK","HOME",1,632
"DET","HOU","HOME",1,633
"SAC","LAL","HOME",1,638
"CHO","ORL","HOME",1,646
"LAC","NYK","HOME",1,648
"UTA","BRK","HOME",1,653
"BOS","WAS","HOME",1,667
"CHO","SAC","HOME",1,668
"DET","UTA","HOME",1,669
"HOU","NOP","HOME",1,670
"MIA","CHI","HOME",1,671
"MIA","BRK","HOME",1,677
"OKC","MIN","HOME",1,688
"CHI","LAL","HOME",1,692
"CLE","DET","HOME",1,699
"WAS","HOU","HOME",1,712
"GSW","NYK","HOME",1,717
"CLE","IND","HOME",1,721
"MEM","NOP","HOME",1,724
"BOS","NYK","HOME",1,729
"TOR","PHO","HOME",1,733
"CHI","SAC","HOME",1,735
"LAL","NOP","HOME",1,746
"TOR","POR","HOME",1,748
"BOS","CLE","HOME",1,749
"LAC","ORL","HOME",1,752
"MIA","CHO","HOME",1,754
"SAS","DAL","HOME",1,758
"UTA","PHO","HOME",1,767
"LAC","MIA","HOME",1,771
"POR","MEM","HOME",1,780
"SAS","MIA","HOME",1,785
"ATL","CHI","HOME",1,788
"GSW","PHO","HOME",1,791
"MEM","BRK","HOME",1,795
"SAC","PHI","HOME",1,796
"SAS","ORL","HOME",1,797
"CHO","MIL","HOME",1,806
"HOU","PHO","HOME",1,811
"IND","OKC","HOME",1,812
"CLE","OKC","HOME",1,825
"NOP","DET","HOME",1,829
"SAS","PHO","HOME",1,831
"TOR","NYK","HOME",1,839
"ORL","PHI","HOME",1,843
"GSW","ORL","HOME",1,856
"HOU","POR","HOME",1,857
"SAS","UTA","HOME",1,860
"CHO","IND","HOME",1,862
"LAC","SAC","HOME",1,865
"MEM","LAL","HOME",1,866
"WAS","PHI","HOME",1,868
"BRK","UTA","HOME",1,869
"GSW","OKC","HOME",1,871
"MIN","NOP","HOME",1,874
"SAS","HOU","HOME",1,876
"OKC","SAC","HOME",1,888
"POR","NYK","HOME",1,896
"IND","MIL","HOME",1,900
"WAS","MIN","HOME",1,907
"SAC","DAL","HOME",1,910
"SAS","NOP","HOME",1,911
"ATL","LAL","HOME",1,912
"PHO","ORL","HOME",1,918
"IND","WAS","HOME",1,927
"LAC","DAL","HOME",1,937
"MEM","CLE","HOME",1,938
"SAS","MIN","HOME",1,948
"HOU","PHI","HOME",1,952
"CLE","LAL","HOME",1,961
"MIN","OKC","HOME",1,967
"DET","PHI","HOME",1,973
"IND","DAL","HOME",1,975
"NYK","LAL","HOME",1,986
"UTA","SAC","HOME",1,987
"TOR","MIL","HOME",1,1002
"CHO","MIA","HOME",1,1013
"TOR","IND","HOME",1,1018
"POR","NOP","HOME",1,1026
"DEN","CHO","HOME",1,1030
"OKC","IND","HOME",1,1035
"UTA","MIL","HOME",1,1042
"MIA","NOP","HOME",1,1055
"BOS","PHO","HOME",1,1083
"CLE","NYK","HOME",1,1086
"TOR","NOP","HOME",1,1090
"UTA","MIN","HOME",1,1091
"WAS","LAL","HOME",1,1096
"ATL","CHI","HOME",1,1097
"DAL","DEN","HOME",1,1100
"SAS","MEM","HOME",1,1106
"CHI","IND","HOME",1,1108
"CHO","PHI","HOME",1,1109
"HOU","CLE","HOME",1,1110
"DEN","MEM","HOME",1,1114
"LAC","MIN","HOME",1,1116
"ORL","IND","HOME",1,1127
"BOS","GSW","HOME",1,1128
"CLE","ATL","HOME",1,1130
"TOR","MEM","HOME",1,1136
"IND","PHI","HOME",1,1139
"SAC","DEN","HOME",1,1141
"CHI","MIL","HOME",1,1144
"IND","NYK","HOME",1,1147
"POR","SAC","HOME",1,1163
"SAS","UTA","HOME",1,1164
"PHO","HOU","HOME",1,1175
"NYK","PHI","HOME",1,1185
"GSW","MEM","HOME",1,1190
"GSW","SAS","HOME",1,1197
"CHI","NOP","HOME",1,1204
"DAL","UTA","HOME",1,1206
"HOU","MIN","HOME",1,1207
"IND","MIL","HOME",1,1220
"TOR","BRK","HOME",1,1229
"ATL","DET","AWAY",0,2
"SAC","LAC","AWAY",0,10
"LAL","MIN","AWAY",0,11
"MIL","NYK","AWAY",0,13
"ORL","WAS","AWAY",0,17
"NYK","ATL","AWAY",0,18
"IND","MEM","AWAY",0,20
"ORL","OKC","AWAY",0,28
"PHI","UTA","AWAY",0,31
"MIL","WAS","AWAY",0,32
"LAL","DAL","AWAY",0,40
"BOS","SAS","AWAY",0,45
"NYK","SAS","AWAY",0,52
"MIA","ATL","AWAY",0,53
"SAC","MEM","AWAY",0,57
"UTA","POR","AWAY",0,66
"MIN","MIA","AWAY",0,72
"DEN","UTA","AWAY",0,74
"NOP","ATL","AWAY",0,75
"PHO","DET","AWAY",0,77
"BRK","LAL","AWAY",0,79
"PHI","CHI","AWAY",0,99
"SAC","SAS","AWAY",0,105
"MIN","CHO","AWAY",0,107
"MEM","GSW","AWAY",0,115
"POR","SAS","AWAY",0,122
"HOU","DAL","AWAY",0,140
"ATL","UTA","AWAY",0,151
"MIA","MIN","AWAY",0,163
"PHI","IND","AWAY",0,169
"LAC","GSW","AWAY",0,175
"MIN","DET","AWAY",0,180
"OKC","NYK","AWAY",0,183
"DEN","PHO","AWAY",0,185
"LAL","TOR","AWAY",0,187
"LAC","TOR","AWAY",0,201
"UTA","OKC","AWAY",0,204
"HOU","MEM","AWAY",0,219
"PHO","NOP","AWAY",0,221
"MIL","SAC","AWAY",0,224
"LAC","UTA","AWAY",0,225
"NYK","MIA","AWAY",0,232
"SAC","MIN","AWAY",0,234
"DEN","SAS","AWAY",0,237
"WAS","TOR","AWAY",0,245
"LAL","IND","AWAY",0,249
"POR","DAL","AWAY",0,262
"MIN","ORL","AWAY",0,265
"CLE","WAS","AWAY",0,267
"CHO","GSW","AWAY",0,269
"WAS","LAL","AWAY",0,271
"TOR","DEN","AWAY",0,278
"DAL","HOU","AWAY",0,285
"NYK","DAL","AWAY",0,305
"MEM","OKC","AWAY",0,315
"DEN","ORL","AWAY",0,316
"WAS","HOU","AWAY",0,321
"MIL","LAC","AWAY",0,322
"ORL","CLE","AWAY",0,334
"PHI","DET","AWAY",0,335
"CHO","BOS","AWAY",0,344
"BRK","LAC","AWAY",0,347
"POR","NYK","AWAY",0,350
"DAL","WAS","AWAY",0,352
"ATL","MIA","AWAY",0,359
"BRK","ORL","AWAY",0,361
"BOS","CLE","AWAY",0,367
"BOS","ATL","AWAY",0,386
"ORL","ATL","AWAY",0,403
"PHO","MIL","AWAY",0,404
"LAC","OKC","AWAY",0,414
"MIA","DET","AWAY",0,420
"DEN","LAL","AWAY",0,421
"CHO","BOS","AWAY",0,423
"BRK","DAL","AWAY",0,424
"PHO","DEN","AWAY",0,425
"OKC","CHI","AWAY",0,436
"UTA","LAC","AWAY",0,447
"MIL","TOR","AWAY",0,452
"BRK","WAS","AWAY",0,453
"SAC","POR","AWAY",0,457
"WAS","LAC","AWAY",0,461
"HOU","ATL","AWAY",0,469
"BOS","LAL","AWAY",0,479
"SAC","PHI","AWAY",0,480
"IND","MIL","AWAY",0,486
"CHO","OKC","AWAY",0,502
"DEN","POR","AWAY",0,510
"OKC","SAC","AWAY",0,518
"LAL","GSW","AWAY",0,521
"ATL","NYK","AWAY",0,523
"BOS","DET","AWAY",0,529
"ORL","IND","AWAY",0,530
"POR","LAC","AWAY",0,531
"MIA","NYK","AWAY",0,533
"PHI","ATL","AWAY",0,536
"MIN","CLE","AWAY",0,540
"PHO","MIA","AWAY",0,545
"LAL","OKC","AWAY",0,547
"WAS","TOR","AWAY",0,549
"SAC","GSW","AWAY",0,553
"ORL","WAS","AWAY",0,556
"LAL","UTA","AWAY",0,565
"DAL","CLE","AWAY",0,571
"MEM","HOU","AWAY",0,572
"DET","SAS","AWAY",0,576
"PHI","CHI","AWAY",0,587
"UTA","SAC","AWAY",0,591
"WAS","BOS","AWAY",0,602
"LAL","HOU","AWAY",0,611
"WAS","POR","AWAY",0,623
"MIA","MIL","AWAY",0,626
"DEN","OKC","AWAY",0,628
"POR","ATL","AWAY",0,629
"CHI","GSW","AWAY",0,634
"ORL","PHI","AWAY",0,637
"DEN","MEM","AWAY",0,643
"PHO","SAS","AWAY",0,644
"DAL","OKC","AWAY",0,651
"LAL","SAS","AWAY",0,652
"CLE","CHI","AWAY",0,655
"PHI","BOS","AWAY",0,662
"DEN","ATL","AWAY",0,666
"LAL","DAL","AWAY",0,675
"IND","LAC","AWAY",0,676
"NYK","OKC","AWAY",0,678
"ATL","LAC","AWAY",0,687
"WAS","DEN","AWAY",0,693
"MIL","MIA","AWAY",0,702
"PHI","GSW","AWAY",0,709
"LAL","CHO","AWAY",0,716
"BRK","DET","AWAY",0,723
"PHI","ATL","AWAY",0,734
"WAS","GSW","AWAY",0,739
"BRK","IND","AWAY",0,740
"DAL","MIA","AWAY",0,741
"LAC","MIN","AWAY",0,742
"PHO","HOU","AWAY",0,745
"NYK","MEM","AWAY",0,753
"MEM","DAL","AWAY",0,761
"HOU","POR","AWAY",0,766
"NYK","DEN","AWAY",0,770
"PHI","LAC","AWAY",0,775
"MIN","NOP","AWAY",0,777
"PHO","OKC","AWAY",0,778
"ATL","ORL","AWAY",0,779
"DET","TOR","AWAY",0,782
"DAL","UTA","AWAY",0,786
"NYK","WAS","AWAY",0,787
"IND","CHO","AWAY",0,789
"DET","DEN","AWAY",0,790
"ATL","MIA","AWAY",0,813
"LAL","SAS","AWAY",0,817
"LAC","GSW","AWAY",0,819
"ATL","MIL","AWAY",0,820
"MIN","NYK","AWAY",0,821
"DEN","BOS","AWAY",0,823
"BRK","CHO","AWAY",0,824
"ORL","IND","AWAY",0,826
"CLE","DET","AWAY",0,834
"ATL","GSW","AWAY",0,835
"DEN","SAC","AWAY",0,844
"LAC","DEN","AWAY",0,846
"MIA","GSW","AWAY",0,847
"DAL","OKC","AWAY",0,851
"SAC","SAS","AWAY",0,853
"PHO","BRK","AWAY",0,855
"MIL","DET","AWAY",0,870
"CHI","POR","AWAY",0,875
"NYK","MIA","AWAY",0,879
"IND","POR","AWAY",0,882
"DEN","MEM","AWAY",0,887
"PHI","CHO","AWAY",0,898
"DEN","BRK","AWAY",0,913
"PHI","MIA","AWAY",0,915
"LAC","ATL","AWAY",0,922
"NOP","UTA","AWAY",0,929
"TOR","HOU","AWAY",0,932
"MIL","OKC","AWAY",0,933
"MEM","PHO","AWAY",0,935
"UTA","ATL","AWAY",0,944
"SAC","CLE","AWAY",0,950
"DAL","DET","AWAY",0,951
"PHO","NYK","AWAY",0,957
"BOS","HOU","AWAY",0,965
"CHI","MIA","AWAY",0,966
"SAC","ORL","AWAY",0,970
"LAC","CLE","AWAY",0,983
"BRK","MIL","AWAY",0,985
"TOR","CHI","AWAY",0,988
"CHO","DAL","AWAY",0,990
"LAL","SAC","AWAY",0,1001
"DET","ATL","AWAY",0,1003
"HOU","LAC","AWAY",0,1006
"MEM","MIN","AWAY",0,1007
"SAC","NOP","AWAY",0,1008
"BOS","OKC","AWAY",0,1010
"PHI","WAS","AWAY",0,1019
"ORL","CLE","AWAY",0,1021
"DAL","GSW","AWAY",0,1022
"PHI","OKC","AWAY",0,1024
"LAL","PHO","AWAY",0,1025
"PHI","BOS","AWAY",0,1037
"NYK","SAC","AWAY",0,1041
"MIN","GSW","AWAY",0,1044
"PHO","MEM","AWAY",0,1045
"ATL","WAS","AWAY",0,1051
"BRK","CHO","AWAY",0,1052
"WAS","ATL","AWAY",0,1056
"CHI","NYK","AWAY",0,1062
"HOU","UTA","AWAY",0,1067
"LAL","DEN","AWAY",0,1075
"WAS","MIN","AWAY",0,1078
"DET","ATL","AWAY",0,1082
"MIL","CHO","AWAY",0,1085
"TOR","OKC","AWAY",0,1103
"UTA","GSW","AWAY",0,1115
"HOU","CHI","AWAY",0,1124
"DET","DAL","AWAY",0,1131
"SAC","MIA","AWAY",0,1132
"PHO","WAS","AWAY",0,1137
"CHI","DET","AWAY",0,1138
"LAL","BOS","AWAY",0,1143
"MIN","DAL","AWAY",0,1146
"BRK","NOP","AWAY",0,1149
"PHO","UTA","AWAY",0,1152
"MIL","CLE","AWAY",0,1156
"GSW","MIN","AWAY",0,1159
"DEN","OKC","AWAY",0,1161
"NYK","CHO","AWAY",0,1166
"ORL","DET","AWAY",0,1168
"LAL","LAC","AWAY",0,1170
"SAC","MIN","AWAY",0,1174
"UTA","LAC","AWAY",0,1180
"POR","MIN","AWAY",0,1191
"NOP","PHO","AWAY",0,1193
"PHI","MIL","AWAY",0,1199
"NYK","TOR","AWAY",0,1201
"DEN","UTA","AWAY",0,1202
"BOS","CHO","AWAY",0,1205
"PHO","SAC","AWAY",0,1210
"BRK","WAS","AWAY",0,1211
"DET","MIA","AWAY",0,1213
"CLE","DET","AWAY",0,1219
"DAL","SAS","AWAY",0,1228
"NOP","GSW","HOME",0,3
"CHO","MIA","HOME",0,5
"SAS","OKC","HOME",0,15
"UTA","DET","HOME",0,16
"BRK","SAS","HOME",0,21
"CHI","DET","HOME",0,22
"LAL","SAC","HOME",0,25
"MIA","CLE","HOME",0,26
"BRK","MEM","HOME",0,33
"SAC","LAC","HOME",0,37
"MIL","TOR","HOME",0,43
"ORL","CHI","HOME",0,44
"MEM","GSW","HOME",0,47
"OKC","HOU","HOME",0,49
"BRK","ATL","HOME",0,61
"NYK","CLE","HOME",0,63
"ORL","HOU","HOME",0,64
"SAC","PHO","HOME",0,67
"MEM","POR","HOME",0,71
"BRK","MIL","HOME",0,85
"MEM","UTA","HOME",0,89
"WAS","ATL","HOME",0,93
"IND","CLE","HOME",0,95
"LAL","NYK","HOME",0,96
"TOR","MIA","HOME",0,98
"ORL","IND","HOME",0,103
"UTA","CLE","HOME",0,112
"DET","SAC","HOME",0,114
"LAL","ORL","HOME",0,118
"MIL","DEN","HOME",0,119
"LAC","PHO","HOME",0,125
"UTA","MIA","HOME",0,126
"BRK","SAC","HOME",0,128
"HOU","DEN","HOME",0,131
"MIN","IND","HOME",0,133
"NOP","TOR","HOME",0,134
"POR","MEM","HOME",0,136
"CLE","MIL","HOME",0,139
"DEN","PHO","HOME",0,141
"DET","LAC","HOME",0,142
"LAL","PHO","HOME",0,155
"ATL","BRK","HOME",0,158
"CHO","NYK","HOME",0,159
"TOR","GSW","HOME",0,164
"DEN","SAS","HOME",0,168
"MIN","ORL","HOME",0,170
"NOP","OKC","HOME",0,171
"SAC","ATL","HOME",0,173
"TOR","UTA","HOME",0,174
"MIL","CLE","HOME",0,176
"BRK","BOS","HOME",0,178
"CHI","GSW","HOME",0,179
"HOU","MEM","HOME",0,181
"LAC","POR","HOME",0,182
"UTA","DAL","HOME",0,188
"ATL","CLE","HOME",0,189
"MEM","SAS","HOME",0,190
"MIL","IND","HOME",0,191
"BOS","BRK","HOME",0,196
"DAL","OKC","HOME",0,197
"ORL","CLE","HOME",0,205
"SAC","CHO","HOME",0,208
"DAL","MEM","HOME",0,211
"ATL","MIN","HOME",0,215
"DAL","SAS","HOME",0,218
"MIA","DET","HOME",0,220
"NYK","ORL","HOME",0,222
"PHI","BOS","HOME",0,223
"WAS","CHO","HOME",0,226
"CHI","IND","HOME",0,228
"NOP","LAC","HOME",0,235
"PHI","HOU","HOME",0,236
"WAS","BOS","HOME",0,238
"BRK","CLE","HOME",0,240
"DET","BRK","HOME",0,247
"DEN","MIL","HOME",0,256
"HOU","DET","HOME",0,258
"OKC","ATL","HOME",0,259
"POR","LAC","HOME",0,260
"PHO","BRK","HOME",0,266
"DEN","CHI","HOME",0,268
"PHI","NYK","HOME",0,274
"IND","POR","HOME",0,279
"BRK","NYK","HOME",0,283
"IND","UTA","HOME",0,294
"ORL","LAC","HOME",0,296
"SAC","HOU","HOME",0,298
"PHO","MEM","HOME",0,302
"SAC","OKC","HOME",0,303
"UTA","SAC","HOME",0,318
"LAL","MIN","HOME",0,323
"ATL","OKC","HOME",0,329
"WAS","NOP","HOME",0,343
"GSW","MIL","HOME",0,345
"IND","DET","HOME",0,346
"LAL","HOU","HOME",0,348
"NOP","CHI","HOME",0,349
"MEM","MIA","HOME",0,353
"MIN","PHO","HOME",0,354
"PHI","TOR","HOME",0,355
"HOU","DEN","HOME",0,357
"NOP","POR","HOME",0,360
"UTA","SAS","HOME",0,365
"WAS","MEM","HOME",0,366
"MIL","LAL","HOME",0,370
"CHO","ORL","HOME",0,372
"MIN","NYK","HOME",0,377
"PHI","ATL","HOME",0,379
"POR","OKC","HOME",0,381
"WAS","SAS","HOME",0,382
"BRK","IND","HOME",0,387
"LAC","SAS","HOME",0,390
"MIL","GSW","HOME",0,392
"POR","ORL","HOME",0,395
"SAC","MIN","HOME",0,396
"CHI","NYK","HOME",0,398
"IND","MEM","HOME",0,400
"LAL","OKC","HOME",0,402
"POR","MIA","HOME",0,408
"MIN","BOS","HOME",0,413
"PHO","UTA","HOME",0,416
"POR","ATL","HOME",0,417
"DET","ATL","HOME",0,426
"MEM","WAS","HOME",0,428
"PHI","MIL","HOME",0,431
"POR","NOP","HOME",0,432
"UTA","GSW","HOME",0,435
"NOP","MIA","HOME",0,439
"CHI","DAL","HOME",0,442
"MEM","CHO","HOME",0,448
"DEN","OKC","HOME",0,454
"LAL","MEM","HOME",0,455
"NYK","BOS","HOME",0,456
"ATL","IND","HOME",0,458
"MIL","DAL","HOME",0,463
"MIN","SAS","HOME",0,464
"NOP","ORL","HOME",0,465
"PHI","UTA","HOME",0,466
"TOR","CHI","HOME",0,468
"BRK","ORL","HOME",0,474
"PHO","SAS","HOME",0,481
"UTA","MIN","HOME",0,482
"WAS","TOR","HOME",0,483
"MIN","DET","HOME",0,487
"PHO","OKC","HOME",0,488
"DAL","MIA","HOME",0,491
"HOU","SAS","HOME",0,498
"MEM","UTA","HOME",0,499
"ORL","CLE","HOME",0,503
"PHI","LAC","HOME",0,504
"CHO","PHO","HOME",0,525
"MEM","OKC","HOME",0,532
"UTA","SAS","HOME",0,535
"UTA","HOU","HOME",0,539
"DAL","MIL","HOME",0,541
"CHO","LAC","HOME",0,552
"NOP","LAC","HOME",0,563
"CHI","MIL","HOME",0,570
"NOP","LAL","HOME",0,573
"PHO","IND","HOME",0,575
"DAL","OKC","HOME",0,578
"MIA","LAC","HOME",0,581
"NYK","BRK","HOME",0,585
"UTA","POR","HOME",0,586
"DET","MEM","HOME",0,589
"ATL","MIL","HOME",0,593
"CHO","NOP","HOME",0,594
"MIN","OKC","HOME",0,598
"PHO","BOS","HOME",0,599
"LAL","UTA","HOME",0,605
"NYK","MEM","HOME",0,607
"POR","PHI","HOME",0,608
"IND","DEN","HOME",0,612
"MIA","OKC","HOME",0,613
"BRK","TOR","HOME",0,616
"PHI","NYK","HOME",0,622
"UTA","CHO","HOME",0,624
"MIA","WAS","HOME",0,635
"MIN","DAL","HOME",0,636
"CHI","BOS","HOME",0,645
"IND","SAC","HOME",0,657
"MIL","NOP","HOME",0,660
"DAL","HOU","HOME",0,663
"OKC","BRK","HOME",0,665
"MIN","CLE","HOME",0,672
"ORL","MEM","HOME",0,673
"CHO","UTA","HOME",0,683
"HOU","SAS","HOME",0,686
"PHI","DET","HOME",0,689
"SAC","NOP","HOME",0,696
"LAL","LAC","HOME",0,701
"MIN","UTA","HOME",0,703
"ORL","BOS","HOME",0,704
"SAC","MEM","HOME",0,710
"SAS","CLE","HOME",0,711
"ATL","MIA","HOME",0,713
"CHI","LAC","HOME",0,715
"MIN","POR","HOME",0,718
"PHO","DAL","HOME",0,719
"MIL","SAC","HOME",0,725
"TOR","DEN","HOME",0,727
"MIA","HOU","HOME",0,730
"CLE","CHO","HOME",0,736
"ORL","OKC","HOME",0,744
"IND","ATL","HOME",0,751
"PHI","WAS","HOME",0,756
"SAC","BRK","HOME",0,757
"BRK","PHI","HOME",0,759
"DET","IND","HOME",0,762
"LAL","SAS","HOME",0,763
"NOP","CLE","HOME",0,764
"CHI","CHO","HOME",0,773
"NOP","OKC","HOME",0,800
"SAS","LAC","HOME",0,803
"UTA","WAS","HOME",0,804
"BOS","UTA","HOME",0,805
"DEN","SAC","HOME",0,808
"DET","WAS","HOME",0,809
"GSW","POR","HOME",0,810
"MIN","MEM","HOME",0,814
"PHI","NOP","HOME",0,816
"TOR","CHI","HOME",0,818
"WAS","MIA","HOME",0,822
"UTA","POR","HOME",0,832
"IND","MIA","HOME",0,836
"LAL","MIL","HOME",0,837
"NOP","WAS","HOME",0,842
"CHO","CLE","HOME",0,845
"MIN","TOR","HOME",0,849
"NYK","IND","HOME",0,850
"WAS","CHI","HOME",0,854
"CLE","TOR","HOME",0,863
"DEN","DAL","HOME",0,864
"ORL","NYK","HOME",0,867
"MEM","PHO","HOME",0,872
"MIA","BOS","HOME",0,873
"CHO","ATL","HOME",0,877
"PHI","ORL","HOME",0,881
"TOR","DET","HOME",0,883
"BRK","LAC","HOME",0,884
"IND","CLE","HOME",0,886
"UTA","BOS","HOME",0,890
"BRK","LAL","HOME",0,892
"CHI","MIA","HOME",0,893
"PHO","CHO","HOME",0,895
"CHI","ORL","HOME",0,897
"LAL","DEN","HOME",0,901
"POR","BOS","HOME",0,904
"PHO","MIA","HOME",0,909
"MIN","MIL","HOME",0,916
"UTA","MEM","HOME",0,920
"WAS","CLE","HOME",0,921
"BOS","CLE","HOME",0,923
"BRK","MIN","HOME",0,924
"DET","NYK","HOME",0,925
"HOU","CHI","HOME",0,926
"SAC","SAS","HOME",0,928
"PHI","MIA","HOME",0,934
"POR","DET","HOME",0,936
"MIL","CHI","HOME",0,939
"ORL","GSW","HOME",0,941
"SAC","NOP","HOME",0,942
"NYK","DEN","HOME",0,946
"ORL","LAL","HOME",0,947
"MIA","MIL","HOME",0,955
"NOP","CHO","HOME",0,956
"UTA","GSW","HOME",0,958
"NOP","MEM","HOME",0,968
"HOU","CHO","HOME",0,974
"NOP","MIL","HOME",0,978
"IND","ATL","HOME",0,984
"MEM","HOU","HOME",0,993
"NOP","GSW","HOME",0,995
"BOS","IND","HOME",0,997
"LAC","SAS","HOME",0,999
"PHI","BRK","HOME",0,1000
"CHI","WAS","HOME",0,1004
"BRK","CHI","HOME",0,1012
"DEN","ATL","HOME",0,1014
"PHO","UTA","HOME",0,1016
"SAC","DET","HOME",0,1027
"BRK","DET","HOME",0,1028
"LAC","MEM","HOME",0,1033
"NYK","WAS","HOME",0,1034
"LAC","NOP","HOME",0,1038
"ORL","TOR","HOME",0,1039
"DEN","CLE","HOME",0,1043
"MIL","DET","HOME",0,1046
"ORL","BOS","HOME",0,1047
"PHI","IND","HOME",0,1048
"SAC","CHI","HOME",0,1049
"LAL","PHO","HOME",0,1059
"ORL","DET","HOME",0,1063
"TOR","BOS","HOME",0,1066
"CHI","NYK","HOME",0,1068
"CLE","BRK","HOME",0,1069
"UTA","OKC","HOME",0,1072
"DAL","GSW","HOME",0,1074
"MIL","ATL","HOME",0,1077
"PHO","SAC","HOME",0,1080
"CHI","ORL","HOME",0,1084
"SAS","OKC","HOME",0,1089
"HOU","IND","HOME",0,1094
"LAL","UTA","HOME",0,1101
"NYK","NOP","HOME",0,1102
"PHO","MIN","HOME",0,1104
"BRK","ORL","HOME",0,1107
"OKC","DET","HOME",0,1111
"ATL","TOR","HOME",0,1113
"NOP","SAS","HOME",0,1118
"WAS","SAC","HOME",0,1121
"DEN","NOP","HOME",0,1125
"LAC","OKC","HOME",0,1126
"MIN","UTA","HOME",0,1133
"MIA","POR","HOME",0,1140
"TOR","SAS","HOME",0,1142
"MEM","ORL","HOME",0,1148
"OKC","HOU","HOME",0,1150
"DET","MIA","HOME",0,1157
"LAL","LAC","HOME",0,1158
"HOU","DAL","HOME",0,1169
"NOP","BOS","HOME",0,1171
"OKC","POR","HOME",0,1172
"SAS","GSW","HOME",0,1176
"BRK","CHO","HOME",0,1178
"MEM","DAL","HOME",0,1182
"MIL","BOS","HOME",0,1184
"SAS","DEN","HOME",0,1186
"WAS","DET","HOME",0,1187
"CLE","CHI","HOME",0,1189
"NYK","IND","HOME",0,1214
"OKC","SAS","HOME",0,1215
"ATL","WAS","HOME",0,1217
"DEN","POR","HOME",0,1218
"MEM","GSW","HOME",0,1222
"UTA","LAL","HOME",0,1230
