2019-20,2020-21,2021-22,2022-23,2023-24,2024-25,Age,ATL,Guaranteed,Player,Signed Using
"","","","","","",24,ATL,"",Brandon Goodwin,Two-Way Contract
"","","","","","",22,ATL,"",Charlie Brown,Two-Way Contract
"","","","","","",23,BOS,"",Tacko Fall,Two-Way Contract
"","","","","","",21,BOS,"",Tremont Waters,Two-Way Contract
"","","","","","",22,BRK,"",Henry Ellenson,Two-Way Contract
"","","","","","",24,BRK,"",Timothé Luwawu-Cabarrot,Two-Way Contract
"","","","","","",21,CHI,"",Adam Mokoka,Two-Way Contract
"","","","","","",23,CHI,"",Max Strus,Two-Way Contract
"","","","","","",21,CHO,"",Jalen McDaniels,Minimum Salary
"","","","","","",22,CHO,"",Kobi Simmons,Two-Way Contract
"","","","","","",22,CHO,"",Robert Franks,Two-Way Contract
"","","","","","",23,CLE,"",Dean Wade,Two-Way Contract
"","","","","","",22,CLE,"",Tyler Cook,Two-Way Contract
"","","","","","",25,DAL,"",Antonius Cleveland,Two-Way Contract
"","","","","","",22,DAL,"",Josh Reaves,Two-Way Contract
"","","","","","",20,DEN,"",Bol Bol,Two-Way Contract
"","","","","","",23,DEN,"",PJ Dozier,Two-Way Contract
"","","","","","",22,DET,"",Jordan Bone,Two-Way Contract
"","","","","","",20,DET,"",Louis King,Two-Way Contract
"","","","","","",27,GSW,"",Damion Lee,Two-Way Contract
"","","","","","",22,GSW,"",Ky Bowman,Two-Way Contract
"","","","","","",22,HOU,"",Chris Clemons,Two-Way Contract
"","","","","","",25,HOU,"",Michael Frazier,Two-Way Contract
"","","","","","",21,IND,"",Brian Bowen,Two-Way Contract
"","","","","","",26,IND,"",Naz Mitrou-Long,Two-Way Contract
"","","","","","",22,LAC,"",Amir Coffey,Two-Way Contract
"","","","","","",24,LAC,"",Johnathan Motley,Two-Way Contract
"","","","","","",22,LAL,"",Kostas Antetokounmpo,Two-Way Contract
"","","","","","",21,LAL,"",Zach Norvell,Two-Way Contract
"","","","","","",23,MEM,"",John Konchar,Two-Way Contract
"","","","","","",25,MEM,"",Yuta Watanabe,Two-Way Contract
"","","","","","",23,MIA,"",Chris Silva,Two-Way Contract
"","","","","","",24,MIA,"",Daryl Macon,Two-Way Contract
"","","","","","",24,MIL,"",Cameron Reynolds,Two-Way Contract
"","","","","","",25,MIL,"",Frank Mason,Two-Way Contract
"","","","","","",23,MIN,"",Jordan McLaughlin,Two-Way Contract
"","","","","","",24,MIN,"",Kelan Martin,Two-Way Contract
"","","","","","",26,NOP,"",Josh Gray,Two-Way Contract
"","","","","","",24,NOP,"",Zylan Cheatham,Two-Way Contract
"","","","","","",22,NYK,"",Ivan Rabb,Two-Way Contract
"","","","","","",26,NYK,"",Kadeem Allen,Two-Way Contract
"","","","","","",24,OKC,"",Devon Hall,Two-Way Contract
"","","","","","",20,OKC,"",Luguentz Dort,Two-Way Contract
"","","","","","",23,ORL,"",B.J. Johnson,Two-Way Contract
"","","","","","",30,ORL,"",Josh Magette,Two-Way Contract
"","","","","","",24,PHI,"",Marial Shayok,Two-Way Contract
"","","","","","",26,PHI,"",Norvel Pelle,Two-Way Contract
"","","","","","",22,PHO,"",Jared Harper,Two-Way Contract
"","","","","","",20,POR,"",Jaylen Hoard,Two-Way Contract
"","","","","","",20,POR,"",Moses Brown,Minimum Salary
"","","","","","",22,SAC,"",DaQuan Jeffries,Minimum Salary
"","","","","","",22,SAC,"",Kyle Guy,Two-Way Contract
"","","","","","",22,SAC,"",Wenyen Gabriel,Two-Way Contract
"","","","","","",22,SAS,"",Drew Eubanks,Two-Way Contract
"","","","","","",23,SAS,"",Quinndary Weatherspoon,Two-Way Contract
"","","","","","",21,TOR,"",Oshae Brissett,Two-Way Contract
"","","","","","",21,TOR,"",Shamorie Ponds,Two-Way Contract
"","","","","","",23,UTA,"",Jarrell Brantley,""
"","","","","","",22,UTA,"",Justin Wright-Foreman,""
"","","","","","",22,UTA,"",Juwan Morgan,Minimum Salary
"","","","","","",24,WAS,"",Chris Chiozza,Two-Way Contract
"","","","","","",23,WAS,"",Garrison Mathews,Two-Way Contract
"","$1,701,593","$1,846,738","$1,997,718","","",23,PHI,"$4,994,028",Shake Milton,Two-Way Contract
"$1,000,000","","","","","",33,MIL,"$1,000,000",George Hill,""
"$1,000,000","","","","","",29,TOR,"$1,000,000",Justin Hamilton,""
"$1,000,000","","","","","",30,WAS,"$1,000,000",Jonathon Simmons,""
"$1,000,000","$1,517,984","$1,782,621","$1,930,681","","",23,LAC,"$2,517,984",Terance Mann,""
"$1,173,310","$1,517,981","$1,782,621","","","",24,CHO,"$4,473,912",Cody Martin,MLE
"$1,200,000","$1,517,981","$1,782,621","$1,930,681","","",21,BOS,"$4,500,602",Carsen Edwards,""
"$1,290,960","$2,033,160","$2,130,240","$3,845,083","","",19,CLE,"$3,324,120",Kevin Porter,1st Round Pick
"$1,355,851","$1,701,593","","","","",26,ORL,"",Amile Jefferson,Minimum Salary
"$1,400,000","$1,517,981","$1,782,621","","","",21,ATL,"$4,700,602",Bruno Fernando,""
"$1,400,000","$1,517,981","$1,782,621","$1,930,681","","",20,MIN,"$1,400,000",Jaylen Nowell,MLE
"$1,416,582","$1,663,861","$1,802,057","","","",23,DAL,"$3,080,443",Jalen Brunson,Cap Space
"$1,416,852","","","","","",23,IND,"$1,416,852",Alize Johnson,Minimum Salary
"$1,416,852","","","","","",21,MEM,"$1,416,852",De'Anthony Melton,""
"$1,416,852","","","","","",25,NOP,"$1,416,852",Kenrich Williams,Minimum Salary
"$1,416,852","","","","","",25,OKC,"$1,416,852",Deonte Burton,""
"$1,416,852","","","","","",24,PHO,"$1,416,852",Jevon Carter,Minimum Salary
"$1,416,852","$1,663,861","","","","",24,CHO,"$1,416,852",Devonte' Graham,MLE
"$1,416,852","$1,663,861","","","","",20,DEN,"$1,416,852",Jarred Vanderbilt,Cap Space
"$1,416,852","$1,663,861","","","","",23,DET,"$1,416,852",Bruce Brown,MLE
"$1,416,852","$1,663,861","","","","",22,DET,"$1,416,852",Sviatoslav Mykhailiuk,Cap Space
"$1,416,852","$1,663,861","","","","",25,HOU,"$708,426",Gary Clark,""
"$1,416,852","$1,663,861","","","","",21,HOU,"$708,426",Isaiah Hartenstein,MLE
"$1,416,852","$1,663,861","","","","",25,MIA,"$1,416,852",Duncan Robinson,""
"$1,416,852","$1,663,861","","","","",24,MIA,"$450,000",Kendrick Nunn,""
"$1,416,852","$1,663,861","","","","",23,MIN,"$1,416,852",Keita Bates-Diop,MLE
"$1,416,852","$1,663,861","","","","",21,OKC,"$1,416,852",Hamidou Diallo,MLE
"$1,416,852","$1,663,861","","","","",23,ORL,"$1,416,852",Melvin Frazier,MLE
"$1,416,852","$1,663,861","","","","",20,POR,"$3,080,713",Gary Trent,MLE
"$1,416,852","$1,663,861","","","","",22,SAS,"$1,416,852",Chimezie Metu,MLE
"$1,416,852","$1,663,861","","","","",20,WAS,"$1,416,852",Isaac Bonga,""
"$1,416,852","$1,663,861","$1,802,057","","","",22,PHO,"$1,416,852",Elie Okobo,""
"$1,443,842","","","","","",29,DAL,"$1,443,842",Ryan Broekhoff,""
"$1,445,697","","","","","",30,BOS,"$1,445,697",Brad Wanamaker,Minimum Salary
"$1,445,697","","","","","",24,LAC,"",Derrick Walton,Minimum Salary
"$1,445,697","$1,701,593","","","","",24,BRK,"$1,445,697",Theo Pinson,""
"$1,445,697","$1,701,593","","","","",27,MIL,"$3,147,290",Thanasis Antetokounmpo,Minimum Salary
"$1,456,667","$1,456,667","$1,456,666","","","",34,CLE,"$4,370,000",J.R. Smith,""
"$1,500,000","$1,517,981","$1,782,621","","","",25,UTA,"$1,500,000",Nigel Williams-Goss,""
"$1,500,000","$1,517,981","$1,782,621","$1,930,681","","",21,DAL,"$3,017,981",Isaiah Roby,MLE
"$1,517,981","$898,310","$1,782,621","","","",22,DEN,"$2,416,291",Vlatko Čančar,MLE
"$1,559,712","$1,663,861","$1,802,057","","","",21,NYK,"$1,559,712",Mitchell Robinson,MLE
"$1,588,231","","","","","",25,ATL,"",Tyrone Wallace,Minimum Salary
"$1,588,231","","","","","",27,CLE,"",Alfonzo McKinnie,Minimum Salary
"$1,588,231","","","","","",26,TOR,"$1,588,231",Chris Boucher,""
"$1,588,231","","","","","",26,TOR,"$1,588,231",Malcolm Miller,""
"$1,588,231","$1,663,861","","","","",24,DEN,"$1,588,231",Monte Morris,Minimum Salary
"$1,618,520","","","","","",24,CHO,"$1,618,520",Dwayne Bacon,MLE
"$1,618,520","","","","","",23,MEM,"$1,618,520",Dillon Brooks,MLE
"$1,618,520","","","","","",24,MIL,"$1,618,520",Sterling Brown,MLE
"$1,618,520","","","","","",21,NOP,"$1,618,520",Frank Jackson,MLE
"$1,618,520","","","","","",25,NYK,"$1,618,520",Damyean Dotson,Minimum Salary
"$1,618,520","","","","","",24,ORL,"$1,618,520",Wesley Iwundu,""
"$1,618,520","","","","","",26,UTA,"",Royce O'Neale,Cap Space
"$1,618,520","$1,752,950","","","","",25,BOS,"$1,618,520",Semi Ojeleye,""
"$1,618,520","$1,752,950","","","","",26,OKC,"$1,618,520",Abdel Nader,""
"$1,620,564","","","","","",24,MIN,"$1,620,564",Jordan Bell,Minimum Salary
"$1,620,564","$1,762,796","","","","",22,PHI,"$1,620,564",Furkan Korkmaz,Minimum Salary
"$1,620,564","$1,762,796","$1,910,860","","","",22,OKC,"$700,000",Justin Patton,""
"$1,645,357","","","","","",24,DET,"$822,679",Christian Wood,Minimum Salary
"$1,645,357","","","","","",22,MIA,"$1,645,357",Derrick Jones,Minimum Salary
"$1,645,357","","","","","",28,WAS,"$600,000",Jordan McRae,""
"$1,645,357","$1,783,557","","","","",26,UTA,"",Georges Niang,""
"$1,676,735","","","","","",25,CHO,"$1,676,735",Willy Hernangómez,Cap Space
"$1,678,854","","","","","",22,GSW,"",Marquese Chriss,Minimum Salary
"$1,678,854","","","","","",26,MIN,"$1,678,854",Treveon Graham,Minimum Salary
"$1,678,854","$1,824,003","","","","",26,BRK,"$1,678,854",David Nwaba,""
"$1,678,854","$1,824,003","","","","",22,MIL,"$600,000",Dragan Bender,Minimum Salary
"$1,678,854","$1,824,003","","","","",23,PHO,"$1,678,854",Cheick Diallo,Minimum Salary
"$1,698,450","$1,766,550","$1,845,000","","","",23,PHI,"$1,698,450",Jonah Bolden,""
"$1,699,236","$1,780,152","$1,861,068","","","",21,BRK,"$3,479,388",Rodions Kurucs,""
"$1,702,486","","","","","",23,NOP,"$54,323",Jahlil Okafor,Minimum Salary
"$1,723,050","","","","","",26,MIL,"$1,723,050",Pat Connaughton,""
"$1,737,145","","","","","",26,IND,"$1,737,145",JaKarr Sampson,Minimum Salary
"$1,737,145","","","","","",27,PHI,"$1,737,145",Raul Neto,Minimum Salary
"$1,737,145","","","","","",23,UTA,"$1,737,145",Emmanuel Mudiay,Minimum Salary
"$1,737,145","$1,882,867","","","","",24,POR,"$3,620,012",Mario Hezonja,Minimum Salary
"$1,845,301","","","","","",24,MEM,"$300,000",Bruno Caboclo,""
"$1,865,547","$1,865,547","$1,865,547","","","",31,MIL,"$5,596,641",Larry Sanders,""
"$1,882,867","","","","","",29,DET,"$1,882,867",Tim Frazier,""
"$1,882,867","","","","","",28,MIN,"$1,882,867",Shabazz Napier,Cap Space
"$1,882,867","$2,071,978","","","","",25,GSW,"$1,882,867",Glenn Robinson,""
"$1,882,867","$2,071,978","","","","",29,PHI,"$1,882,867",James Ennis,""
"$1,882,867","$2,130,023","","","","",26,HOU,"$500,000",Ben McLemore,""
"$1,897,800","$1,988,280","$3,588,845","","","",22,GSW,"$3,886,080",Omari Spellman,1st Round Pick
"$1,911,600","$2,002,800","$3,615,054","","","",20,BRK,"$3,914,400",Džanan Musa,1st Round Pick
"$1,913,345","$1,913,345","","","","",37,POR,"$3,826,690",Anderson Varejão,""
"$1,925,880","$2,017,320","$3,641,263","","","",22,GSW,"$3,943,200",Jacob Evans,1st Round Pick
"$1,934,160","$3,491,159","","","","",24,NOP,"$5,425,319",Josh Hart,1st Round Pick
"$1,937,520","$2,029,920","$3,661,976","","","",22,BOS,"$3,967,440",Robert Williams,1st Round Pick
"$1,948,080","$3,516,284","","","","",25,SAS,"$5,464,364",Derrick White,1st Round Pick
"$1,950,600","$2,048,040","$2,145,720","$3,873,025","","",20,SAS,"$3,998,640",Keldon Johnson,1st Round Pick
"$1,962,360","$3,542,060","","","","",21,UTA,"$5,504,420",Tony Bradley,1st Round Pick
"$1,964,760","$2,063,280","$2,161,440","$3,901,399","","",20,GSW,"$4,028,040",Jordan Poole,1st Round Pick
"$1,974,600","$3,562,178","","","","",24,LAL,"$5,536,778",Kyle Kuzma,1st Round Pick
"$1,977,000","$2,075,880","$2,174,880","$3,923,484","","",22,LAC,"$4,052,880",Mfiondu Kabengele,1st Round Pick
"$1,995,120","$2,090,040","$3,768,342","","","",22,LAC,"$4,085,160",Landry Shamet,1st Round Pick
"$10,000,000","$10,000,000","$10,000,000","","","",28,CHI,"$25,000,000",Tomáš Satoranský,""
"$10,100,000","$10,800,000","$11,600,000","","","",26,PHI,"$20,900,000",Josh Richardson,Minimum Salary
"$10,116,576","$10,865,952","$11,615,328","","","",26,TOR,"$20,982,528",Norman Powell,Cap Space
"$10,259,375","$10,185,185","$11,000,000","$11,814,815","","",28,DAL,"$43,259,375",Dwight Powell,Cap Space
"$10,500,000","$10,500,000","$10,500,000","","","",27,IND,"$31,500,000",Jeremy Lamb,""
"$10,600,000","$11,400,000","$12,300,000","","","",26,BRK,"$22,000,000",Spencer Dinwiddie,Minimum Salary
"$10,740,741","","","","","",28,OKC,"$10,740,741",Andre Roberson,Bird Rights
"$10,810,000","$11,750,000","$12,690,000","","","",26,IND,"$35,250,000",T.J. Warren,1st Round Pick
"$100,000","","","","","",23,ATL,"$100,000",Jaylen Adams,""
"$100,000","","","","","",23,MIA,"$100,000",Yante Maten,""
"$11,286,515","","","","","",27,MIA,"$11,286,515",Meyers Leonard,Cap Space
"$11,301,219","$12,138,345","$12,975,471","","","",28,MIN,"$36,415,035",Robert Covington,Cap Space
"$11,392,857","$12,178,571","","","","",28,DET,"$11,392,857",Tony Snell,Cap Space
"$11,511,234","","","","","",26,LAC,"$11,511,234",Maurice Harkless,Cap Space
"$11,667,885","$12,198,243","","","","",28,MIA,"$11,667,885",Kelly Olynyk,Cap Space
"$11,954,546","$10,863,637","$14,000,000","","","",32,UTA,"$36,818,183",Joe Ingles,Bird Rights
"$12,000,000","$12,000,000","$12,000,000","","","",25,POR,"$28,000,000",Jusuf Nurkić,""
"$12,000,000","$12,600,000","$12,600,000","","","",28,SAC,"$24,600,000",Cory Joseph,""
"$12,093,024","$12,697,675","$13,302,325","$13,906,976","","",31,MIL,"$52,000,000",Brook Lopez,""
"$12,100,000","$12,650,000","","","","",27,MIA,"$24,750,000",Dion Waiters,Cap Space
"$12,200,000","$12,800,000","","","","",34,SAC,"$14,000,000",Trevor Ariza,""
"$12,345,679","$13,333,333","$14,320,988","","","",31,LAC,"$40,000,000",Patrick Beverley,""
"$12,428,571","$13,285,714","","","","",31,SAS,"$25,714,285",Patty Mills,Bird Rights
"$12,500,000","","","","","",31,MEM,"$12,500,000",Miles Plumlee,""
"$12,500,000","$13,500,000","$12,500,000","$11,500,000","","",28,ORL,"$50,000,000",Terrence Ross,""
"$12,553,471","$13,446,428","$14,339,285","","","",25,BOS,"$40,339,184",Marcus Smart,""
"$12,727,273","$11,709,091","$10,690,909","$9,672,727","","",26,CLE,"$44,800,000",Larry Nance,1st Round Pick
"$12,759,670","","","","","",34,DAL,"$12,759,670",Courtney Lee,Cap Space
"$12,900,000","$13,545,000","$14,190,000","","","",31,CHI,"$32,445,000",Thaddeus Young,""
"$12,960,000","$13,920,000","$14,880,000","","","",28,DEN,"$26,880,000",Will Barton,""
"$122,741","$122,741","$122,741","$122,741","","",24,HOU,"$490,964",Troy Williams,""
"$13,000,000","","","","","",26,CHO,"$13,000,000",Michael Kidd-Gilchrist,1st Round Pick
"$13,000,000","$13,000,000","$13,000,000","","","",23,MIA,"$26,000,000",Justise Winslow,1st Round Pick
"$13,258,781","","","","","",28,MEM,"$13,258,781",Solomon Hill,Cap Space
"$13,333,334","$13,333,333","$13,333,333","","","",30,SAC,"$40,000,000",Dewayne Dedmon,""
"$13,437,500","","","","","",27,CLE,"$13,437,500",Jordan Clarkson,Cap Space
"$13,486,300","$13,013,700","","","","",35,NOP,"$26,500,000",J.J. Redick,""
"$14,000,000","$14,000,000","","","","",33,SAS,"$28,000,000",Rudy Gay,""
"$14,041,096","","","","","",29,DEN,"$14,041,096",Mason Plumlee,Cap Space
"$14,057,730","$16,869,276","$18,218,818","$19,568,360","$20,917,902","",30,HOU,"$68,714,184",Eric Gordon,Cap Space
"$14,471,910","$15,415,730","","","","",27,CHO,"$29,887,640",Cody Zeller,1st Round Pick
"$14,634,146","$15,365,854","","","","",32,LAL,"$30,000,000",Danny Green,""
"$15,000,000","","","","","",30,NYK,"$15,000,000",Marcus Morris,""
"$15,000,000","$15,750,000","","","","",24,NYK,"$15,000,000",Bobby Portis,""
"$15,006,250","","","","","",33,CHO,"$15,006,250",Marvin Williams,Cap Space
"$15,349,400","$16,047,100","","","","",32,MIA,"$15,349,400",James Johnson,Cap Space
"$15,450,051","","","","","",33,WAS,"$15,450,051",Ian Mahinmi,Cap Space
"$15,500,000","$15,500,000","","","","",26,OKC,"$31,000,000",Dennis Schröder,1st Round Pick
"$15,625,000","$14,375,000","","","","",23,PHO,"$30,000,000",Kelly Oubre,""
"$15,625,000","$16,875,000","$18,125,000","$19,375,000","","",29,MIL,"$54,525,000",Eric Bledsoe,Bird Rights
"$15,643,750","","","","","",28,CLE,"$15,643,750",Brandon Knight,""
"$150,000","","","","","",25,TOR,"$150,000",Cameron Payne,""
"$16,000,000","$15,000,000","$14,000,000","","","",27,MEM,"$45,000,000",Jonas Valančiūnas,""
"$16,190,476","$17,000,000","$17,809,524","","","",29,PHO,"$51,000,000",Ricky Rubio,""
"$16,229,213","$17,287,640","","","","",29,MIN,"$33,516,853",Gorgui Dieng,1st Round Pick
"$16,456,522","$17,500,000","$18,543,478","$19,586,957","","",25,HOU,"$72,086,957",Clint Capela,""
"$17,000,000","","","","","",27,CHO,"$17,000,000",Bismack Biyombo,Cap Space
"$17,000,000","$17,000,000","","","","",27,ORL,"$17,000,000",Evan Fournier,Cap Space
"$17,000,000","$17,850,000","$18,700,000","$19,550,000","","",30,UTA,"$73,100,000",Bojan Bogdanović,""
"$17,185,185","","","","","",35,MEM,"$17,185,185",Andre Iguodala,Bird Rights
"$17,650,000","","","","","",28,NOP,"$17,650,000",Derrick Favors,""
"$17,839,286","$19,160,714","$20,482,143","","","",25,DEN,"$57,482,143",Gary Harris,1st Round Pick
"$18,000,000","$18,000,000","$18,000,000","$18,000,000","","",23,IND,"$72,000,000",Myles Turner,1st Round Pick
"$18,000,000","$18,900,000","$19,800,000","","","",25,NYK,"$40,900,000",Julius Randle,""
"$18,086,956","","","","","",29,DET,"$18,086,956",Reggie Jackson,Bird Rights
"$18,150,000","$18,975,000","","","","",27,DAL,"$18,150,000",Tim Hardaway,Cap Space
"$18,500,000","","","","","",27,ATL,"$18,500,000",Allen Crabbe,Cap Space
"$18,539,130","","","","","",28,CLE,"$18,539,130",Tristan Thompson,Bird Rights
"$18,539,130","$22,246,956","$24,026,712","$25,806,469","$27,586,225","",29,GSW,"$90,619,267",Draymond Green,Bird Rights
"$18,606,557","","","","","",31,ATL,"$18,606,557",Evan Turner,Cap Space
"$19,000,000","","","","","",31,MIN,"$19,000,000",Jeff Teague,Cap Space
"$19,217,900","","","","","",33,MIA,"$19,217,900",Goran Dragić,Bird Rights
"$19,245,370","","","","","",27,PHO,"$19,245,370",Tyler Johnson,Cap Space
"$19,269,662","","","","","",30,POR,"$19,269,662",Kent Bazemore,Cap Space
"$19,500,000","$19,500,000","$19,500,000","","","",24,CHI,"$58,500,000",Zach LaVine,""
"$19,863,636","$18,136,364","$16,409,091","","","",24,ORL,"$54,409,091",Aaron Gordon,""
"$19,894,737","$18,900,000","$17,905,263","","","",25,CHO,"$56,700,000",Terry Rozier,""
"$199,000","","","","","",24,WAS,"$199,000",Jemerrio Jones,""
"$2,000,000","","","","","",29,MEM,"$2,000,000",Avery Bradley,""
"$2,000,000","","","","","",24,MIN,"$2,000,000",Noah Vonleh,MLE
"$2,000,000","$2,160,000","$2,320,000","","","",23,IND,"$4,160,000",Edmond Sumner,""
"$2,007,058","","","","","",31,MIL,"$2,007,058",Spencer Hawes,""
"$2,028,594","","","","","",28,LAL,"$2,028,594",Troy Daniels,Minimum Salary
"$2,028,594","","","","","",25,OKC,"$2,028,594",Nerlens Noel,Minimum Salary
"$2,028,594","","","","","",28,ORL,"$2,028,594",Michael Carter-Williams,Minimum Salary
"$2,028,594","","","","","",29,PHI,"$2,028,594",Kyle O'Quinn,Minimum Salary
"$2,028,594","","","","","",27,PHI,"$810,000",Trey Burke,Minimum Salary
"$2,028,594","$2,283,034","","","","",28,OKC,"$2,028,594",Mike Muscala,""
"$2,031,677","","","","","",29,BRK,"",Iman Shumpert,Minimum Salary
"$2,033,160","","","","","",22,SAC,"$2,033,160",Caleb Swanigan,1st Round Pick
"$2,035,800","$2,137,440","$2,239,200","$4,037,278","","",23,CLE,"$4,173,240",Dylan Windler,1st Round Pick
"$2,063,520","$2,161,920","$3,893,618","","","",22,WAS,"$4,225,440",Moritz Wagner,1st Round Pick
"$2,100,000","","","","","",28,DEN,"$2,100,000",Torrey Craig,Cap Space
"$2,105,520","$2,210,640","$2,316,240","$4,171,548","","",19,POR,"$4,316,160",Nassir Little,1st Round Pick
"$2,133,541","","","","","",39,SAC,"$2,133,541",Matt Barnes,""
"$2,149,560","$2,252,040","$3,938,818","","","",20,POR,"$4,401,600",Anfernee Simons,1st Round Pick
"$2,159,029","","","","","",35,POR,"",Carmelo Anthony,Minimum Salary
"$2,174,318","$2,369,663","","","","",27,HOU,"$2,174,318",Austin Rivers,Minimum Salary
"$2,177,483","$2,286,357","","","","",26,GSW,"$2,177,483",Willie Cauley-Stein,MLE
"$2,193,480","$2,303,040","$2,412,840","$4,220,057","","",22,PHO,"$4,496,520",Ty Jerome,1st Round Pick
"$2,195,122","$2,304,878","","","","",24,CHI,"$4,500,000",Luke Kornet,Room Exception
"$2,239,200","$2,345,640","$3,980,551","","","",23,IND,"$4,584,840",Aaron Holiday,1st Round Pick
"$2,245,400","$2,245,400","$2,245,400","","","",34,IND,"$6,736,200",Monta Ellis,""
"$2,281,800","","","","","",22,CLE,"$2,281,800",Ante Žižić,1st Round Pick
"$2,281,800","$3,872,215","","","","",22,TOR,"$6,154,015",OG Anunoby,1st Round Pick
"$2,284,800","$2,399,160","$2,513,040","$4,264,629","","",19,OKC,"$4,683,960",Darius Bazley,1st Round Pick
"$2,305,057","","","","","",24,ATL,"$2,305,057",Damian Jones,1st Round Pick
"$2,320,044","","","","","",28,GSW,"$2,320,044",Alec Burks,Minimum Salary
"$2,320,044","","","","","",30,WAS,"$2,320,044",Isaiah Thomas,""
"$2,321,735","$14,285,714","$15,428,571","$16,571,429","$17,714,286","",23,SAS,"$66,321,735",Dejounte Murray,1st Round Pick
"$2,331,593","","","","","",30,LAC,"$2,331,593",Patrick Patterson,Minimum Salary
"$2,332,320","$2,443,440","$4,019,459","","","",23,CHI,"$4,775,760",Chandler Hutchison,1st Round Pick
"$2,338,847","","","","","",23,POR,"$2,338,847",Skal Labissière,1st Round Pick
"$2,351,839","$29,000,000","$31,320,000","$33,640,000","$35,960,000","",25,TOR,"$132,271,839",Pascal Siakam,1st Round Pick
"$2,376,840","$3,909,902","","","","",21,BRK,"$6,286,742",Jarrett Allen,1st Round Pick
"$2,379,840","$2,498,760","$2,617,800","$4,306,281","","",21,BOS,"$4,878,600",Grant Williams,1st Round Pick
"$2,429,400","$2,545,320","$4,054,695","","","",24,MEM,"$4,974,720",Grayson Allen,1st Round Pick
"$2,475,840","$3,944,013","","","","",21,OKC,"$6,419,853",Terrance Ferguson,1st Round Pick
"$2,478,840","$2,602,920","$2,726,880","$4,343,920","","",23,MEM,"$5,081,760",Brandon Clarke,1st Round Pick
"$2,500,000","","","","","",24,TOR,"$2,500,000",Rondae Hollis-Jefferson,MLE
"$2,505,793","$2,619,207","","","","",26,BOS,"$5,125,000",Vincent Poirier,Minimum Salary
"$2,530,680","$2,651,040","$4,087,904","","","",21,MIN,"$5,181,720",Josh Okogie,1st Round Pick
"$2,564,753","","","","","",42,ATL,"$2,564,753",Vince Carter,Minimum Salary
"$2,564,753","","","","","",32,BRK,"$2,564,753",Wilson Chandler,Minimum Salary
"$2,564,753","","","","","",35,DAL,"$2,564,753",J.J. Barea,Minimum Salary
"$2,564,753","","","","","",33,HOU,"$2,564,753",Gerald Green,Minimum Salary
"$2,564,753","","","","","",35,HOU,"$2,564,753",Thabo Sefolosha,Minimum Salary
"$2,564,753","","","","","",37,HOU,"$2,564,753",Tyson Chandler,Minimum Salary
"$2,564,753","","","","","",33,LAL,"",Dwight Howard,Minimum Salary
"$2,564,753","","","","","",34,LAL,"$2,564,753",Jared Dudley,Minimum Salary
"$2,564,753","","","","","",39,MIA,"$2,564,753",Udonis Haslem,Minimum Salary
"$2,564,753","","","","","",38,MIL,"$2,564,753",Kyle Korver,Minimum Salary
"$2,564,753","","","","","",34,POR,"$2,564,753",Anthony Tolliver,Minimum Salary
"$2,564,753","","","","","",39,POR,"$2,564,753",Pau Gasol,""
"$2,564,753","","","","","",33,UTA,"$2,564,753",Jeff Green,Minimum Salary
"$2,564,753","$2,619,605","","","","",33,LAL,"$2,564,753",Rajon Rondo,""
"$2,564,753","$2,692,991","","","","",37,HOU,"$2,564,753",Nenê Hilário,Bird Rights
"$2,564,753","$2,692,991","","","","",33,MIL,"$2,564,753",Wesley Matthews,""
"$2,578,800","","","","","",21,SAC,"$2,578,800",Harry Giles,1st Round Pick
"$2,582,160","$2,711,280","$2,840,160","$4,379,527","","",22,PHI,"$5,293,440",Matisse Thybulle,1st Round Pick
"$2,603,982","","","","","",25,ATL,"$2,603,982",DeAndre' Bembry,1st Round Pick
"$2,625,000","$2,750,000","","","","",24,MEM,"$5,375,000",Marko Guduric,Bi-Annual Exception
"$2,625,718","$16,203,704","$17,500,000","$18,796,296","","",25,BRK,"$55,125,718",Caris LeVert,1st Round Pick
"$2,636,280","$2,761,920","$4,253,357","","","",21,ATL,"$5,398,200",Kevin Huerter,1st Round Pick
"$2,686,560","$4,137,302","","","","",22,ATL,"$6,823,862",John Collins,1st Round Pick
"$2,689,920","$2,824,320","$2,959,080","$4,556,983","","",19,SAS,"$5,514,240",Luka Šamanić,1st Round Pick
"$2,731,714","","","","","",23,DEN,"$2,731,714",Malik Beasley,1st Round Pick
"$2,750,000","$2,750,000","","","","",25,LAL,"$5,500,000",Alex Caruso,""
"$2,760,480","$2,892,000","$4,447,896","","","",20,SAS,"$5,652,480",Lonnie Walker,1st Round Pick
"$2,813,280","$4,326,825","","","","",22,IND,"$7,140,105",T.J. Leaf,1st Round Pick
"$2,816,760","$2,957,520","$3,098,400","$4,765,339","","",20,IND,"$5,774,280",Goga Bitadze,1st Round Pick
"$2,844,429","$2,844,429","$2,844,429","$2,844,429","$2,844,429","",29,POR,"$14,222,145",Andrew Nicholson,""
"$2,875,000","","","","","",26,SAS,"$2,875,000",Bryn Forbes,Early Bird Rights
"$2,905,800","$3,044,160","$4,675,830","","","",22,MIL,"$5,949,960",Donte DiVincenzo,1st Round Pick
"$2,907,143","$8,750,000","$8,050,000","$7,350,000","$6,650,000","",24,CLE,"$27,057,143",Cedi Osman,MLE
"$2,961,120","$4,548,280","","","","",23,MIL,"$7,509,400",D.J. Wilson,1st Round Pick
"$2,964,840","$3,113,160","$3,261,480","$5,009,633","","",21,NOP,"$6,078,000",Nickeil Alexander-Walker,1st Round Pick
"$20,000,000","$20,700,000","$21,700,000","$22,600,000","","",26,IND,"$85,000,000",Malcolm Brogdon,""
"$21,000,000","$21,000,000","","","","",27,IND,"$42,000,000",Victor Oladipo,1st Round Pick
"$22,615,559","","","","","",31,OKC,"$22,615,559",Danilo Gallinari,Sign and Trade
"$220,000","","","","","",38,DET,"$220,000",Joe Johnson,""
"$23,271,604","","","","","",30,TOR,"$23,271,604",Serge Ibaka,Cap Space
"$24,147,727","$22,215,909","$20,284,091","$18,352,273","","",27,SAC,"$85,000,000",Harrison Barnes,""
"$25,008,427","$26,525,281","","","","",27,UTA,"$51,533,708",Rudy Gobert,1st Round Pick
"$25,102,511","","","","","",31,ATL,"$25,102,511",Chandler Parsons,Cap Space
"$25,565,217","$27,130,434","","","","",30,CHO,"$25,565,217",Nicolas Batum,Cap Space
"$25,595,700","","","","","",34,TOR,"$25,595,700",Marc Gasol,Bird Rights
"$25,842,697","$27,528,090","","","","",25,MIL,"$53,370,787",Giannis Antetokounmpo,1st Round Pick
"$25,842,697","$27,528,090","","","","",26,OKC,"$53,370,787",Steven Adams,1st Round Pick
"$250,000","","","","","",27,UTA,"$250,000",Stanton Kidd,""
"$26,000,000","$24,000,000","","","","",34,SAS,"$50,000,000",LaMarcus Aldridge,Cap Space
"$26,131,111","$26,131,111","$27,020,000","","","",29,NOP,"$52,262,222",Jrue Holiday,Bird Rights
"$26,573,595","$28,542,009","$30,510,423","$32,478,837","","",24,DEN,"$118,104,864",Nikola Jokić,""
"$27,093,018","","","","","",30,POR,"$27,093,018",Hassan Whiteside,Cap Space
"$27,093,019","$28,751,775","","","","",26,DET,"$27,093,019",Andre Drummond,Cap Space
"$27,093,019","$28,751,775","","","","",26,LAL,"$27,093,019",Anthony Davis,1st Round Pick
"$27,093,019","$28,751,775","$34,502,130","$37,262,300","","",26,WAS,"$90,346,924",Bradley Beal,Cap Space
"$27,250,000","$29,430,000","$31,610,000","$33,790,000","$35,970,000","",24,MIN,"$155,870,000",Karl-Anthony Towns,1st Round Pick
"$27,250,000","$29,430,000","$31,610,000","$33,790,000","$35,970,000","",23,PHO,"$158,050,000",Devin Booker,1st Round Pick
"$27,250,576","$28,489,239","","","","",26,CHI,"$27,250,576",Otto Porter,Bird Rights
"$27,270,000","$29,290,000","$31,310,000","$33,330,000","","",24,MIN,"$121,200,000",Andrew Wiggins,1st Round Pick
"$27,285,000","$28,649,250","$30,013,500","$31,377,750","","",23,GSW,"$117,325,500",D'Angelo Russell,""
"$27,285,000","$29,467,800","$31,650,600","$33,833,400","$36,016,200","",24,DAL,"$122,236,800",Kristaps Porziņģis,""
"$27,504,630","$29,542,010","$31,579,390","$33,616,770","","",25,PHI,"$122,242,800",Joel Embiid,1st Round Pick
"$27,556,959","$29,354,152","$30,864,198","$33,333,333","$35,802,469","",28,POR,"$156,911,111",CJ McCollum,1st Round Pick
"$27,739,975","$27,739,975","","","","",30,SAS,"$27,739,975",DeMar DeRozan,Cap Space
"$28,000,000","$26,000,000","$24,000,000","$22,000,000","","",29,ORL,"$100,000,000",Nikola Vučević,""
"$28,000,000","$27,500,000","$27,000,000","$26,500,000","","",33,PHI,"$97,000,000",Al Horford,""
"$28,900,000","$31,300,000","$31,300,000","$28,900,000","","",31,CLE,"$120,400,000",Kevin Love,Bird Rights
"$29,802,321","$31,626,953","$43,750,000","$47,250,000","$50,750,000","$54,250,000",29,POR,"$257,429,274",Damian Lillard,1st Round Pick
"$3,000,000","","","","","",33,CHI,"$3,000,000",Ömer Aşık,""
"$3,000,000","$3,000,000","","","","",26,LAL,"$4,000,000",Quinn Cook,""
"$3,000,000","$3,000,000","","","","",27,ORL,"$6,000,000",Khem Birch,""
"$3,000,000","$3,000,000","$3,000,000","","","",25,CHI,"$6,000,000",Ryan Arcidiacono,""
"$3,039,097","","","","","",33,MEM,"$3,039,097",Dwight Howard,""
"$3,058,800","$3,204,600","$4,915,856","","","",20,PHI,"$6,263,400",Zhaire Smith,1st Round Pick
"$3,117,240","","","","","",23,BOS,"$3,117,240",Guerschon Yabusele,""
"$3,150,000","","","","","",26,SAC,"$3,150,000",Yogi Ferrell,Cap Space
"$3,169,348","$3,169,348","$3,169,347","","","",30,MIL,"$9,508,043",Jon Leuer,""
"$3,200,000","$3,360,000","","","","",30,DET,"$3,200,000",Markieff Morris,Bi-Annual Exception
"$3,219,480","$3,372,840","$5,170,564","","","",20,WAS,"$6,592,320",Troy Brown,1st Round Pick
"$3,280,920","$5,029,650","","","","",24,DAL,"$8,310,570",Justin Jackson,1st Round Pick
"$3,285,120","$3,449,400","$3,613,680","$5,539,771","","",18,DET,"$6,734,520",Sekou Doumbouya,1st Round Pick
"$3,321,030","","","","","",24,DEN,"$3,321,030",Juan Hernangómez,1st Round Pick
"$3,377,569","","","","","",26,CHI,"$3,377,569",Denzel Valentine,1st Round Pick
"$3,389,400","$3,550,800","$5,258,735","","","",21,DEN,"$6,940,200",Michael Porter,1st Round Pick
"$3,440,000","","","","","",38,PHO,"$3,440,000",Kyle Korver,""
"$3,454,080","$5,115,492","","","","",22,MIA,"$8,569,572",Bam Adebayo,1st Round Pick
"$3,458,400","$3,631,200","$3,804,360","$5,634,257","","",20,BOS,"$7,089,600",Romeo Langford,1st Round Pick
"$3,481,986","","","","","",25,PHO,"$3,481,986",Dario Šarić,1st Round Pick
"$3,481,986","$13,942,308","$15,057,692","","","",25,BRK,"$32,481,986",Taurean Waller-Prince,1st Round Pick
"$3,500,000","","","","","",29,LAL,"$3,500,000",DeMarcus Cousins,""
"$3,500,000","$3,500,000","","","","",31,DAL,"$7,000,000",Boban Marjanović,Bi-Annual Exception
"$3,500,000","$3,500,000","","","","",27,IND,"$4,500,000",T.J. McConnell,Cap Space
"$3,500,000","$3,500,000","","","","",34,MIL,"$7,000,000",Mirza Teletović,""
"$3,529,555","$17,187,500","$18,562,500","$19,937,500","$21,312,500","",23,IND,"$80,529,555",Domantas Sabonis,1st Round Pick
"$3,540,000","$3,717,000","$3,894,000","","","",26,HOU,"$11,151,000",Danuel House,MLE
"$3,551,100","","","","","",23,NYK,"$3,551,100",Allonzo Trier,Bi-Annual Exception
"$3,567,720","$3,737,520","$5,340,916","","","",22,LAC,"$7,305,240",Jerome Robinson,1st Round Pick
"$3,569,643","","","","","",22,DET,"$3,569,643",Thon Maker,1st Round Pick
"$3,581,986","$3,761,085","$3,940,184","","","",25,MIN,"$11,283,255",Jake Layman,""
"$3,623,000","$3,801,000","","","","",23,TOR,"$3,623,000",Stanley Johnson,Bi-Annual Exception
"$3,635,760","$5,195,501","","","","",23,UTA,"$8,831,261",Donovan Mitchell,1st Round Pick
"$3,640,200","$3,822,240","$4,004,280","$5,722,116","","",19,MIA,"$7,462,440",Tyler Herro,1st Round Pick
"$3,754,886","","","","","",24,SAS,"$3,754,886",Jakob Pöltl,1st Round Pick
"$3,755,400","$3,934,320","$5,421,493","","","",21,CHO,"$7,689,720",Miles Bridges,1st Round Pick
"$3,827,160","$5,273,826","","","","",23,DET,"$9,100,986",Luke Kennard,1st Round Pick
"$3,831,840","$4,023,600","$4,215,120","$5,808,435","","",21,CHO,"$7,855,440",PJ Washington,1st Round Pick
"$3,902,439","$4,097,561","","","","",28,NOP,"$8,000,000",Nicolò Melli,Room Exception
"$3,952,920","$4,141,320","$5,495,532","","","",21,OKC,"$8,094,240",Shai Gilgeous-Alexander,1st Round Pick
"$30,500,000","","","","","",34,DEN,"$30,500,000",Paul Millsap,Cap Space
"$30,603,448","$33,051,724","$35,500,000","$37,948,276","$40,396,552","",28,MIL,"$137,103,448",Khris Middleton,""
"$31,034,483","$33,517,241","$36,000,000","$38,482,759","$40,965,517","",27,PHI,"$180,000,000",Tobias Harris,""
"$31,742,000","$33,329,100","$34,916,200","$36,503,300","","",27,BRK,"$136,490,600",Kyrie Irving,""
"$32,511,623","$34,504,132","","","","",32,UTA,"$54,938,006",Mike Conley,Cap Space
"$32,700,690","$34,187,085","","","","",29,BOS,"$32,700,690",Gordon Hayward,Cap Space
"$32,742,000","$34,379,100","$36,016,200","","","",28,LAC,"$67,121,100",Kawhi Leonard,""
"$32,742,000","$34,379,100","$36,016,200","$37,653,300","","",30,MIA,"$103,137,300",Jimmy Butler,""
"$32,742,000","$35,361,360","$37,980,720","$40,600,080","$43,219,440","",29,GSW,"$189,903,600",Klay Thompson,""
"$33,005,556","$35,450,412","$37,895,268","","","",29,LAC,"$68,455,968",Paul George,Maximum Salary
"$33,296,296","$30,000,000","","","","",33,TOR,"$63,296,296",Kyle Lowry,Bird Rights
"$333,333","","","","","",35,ORL,"$333,333",C.J. Watson,""
"$333,333","","","","","",30,POR,"$333,333",Festus Ezeli,""
"$34,234,964","$36,595,996","$38,957,028","","","",30,DET,"$70,830,960",Blake Griffin,Bird Rights
"$34,379,100","$32,742,000","$36,016,200","$37,653,300","","",29,BOS,"$103,137,300",Kemba Walker,""
"$350,087","$350,087","","","","",27,MIA,"$700,174",A.J. Hammons,""
"$37,199,000","$39,058,950","$40,918,900","$42,778,850","","",31,BRK,"$117,176,850",Kevin Durant,""
"$37,436,858","$39,219,565","$41,002,273","","","",34,LAL,"$76,656,423",LeBron James,""
"$37,800,000","$40,824,000","$43,848,000","$46,872,000","","",30,HOU,"$122,472,000",James Harden,Bird Rights
"$37,800,000","$40,824,000","$43,848,000","$46,872,000","","",29,WAS,"$122,472,000",John Wall,Bird Rights
"$371,758","","","","","",22,MEM,"$371,758",Ivan Rabb,""
"$38,178,000","$41,006,000","$43,848,000","$46,662,000","","",31,HOU,"$123,032,000",Russell Westbrook,Bird Rights
"$38,506,482","$41,358,814","$44,211,146","","","",34,OKC,"$124,076,442",Chris Paul,""
"$4,000,000","$4,000,000","","","","",24,TOR,"$8,000,000",Patrick McCaw,MLE
"$4,000,000","$4,000,000","$4,000,000","","","",26,DAL,"$12,000,000",Dorian Finney-Smith,""
"$4,000,000","$4,200,000","","","","",31,LAL,"$8,200,000",JaVale McGee,""
"$4,000,000","$4,200,000","","","","",28,NYK,"$5,000,000",Reggie Bullock,Room Exception
"$4,028,400","$5,345,687","","","","",21,CHO,"$9,374,087",Malik Monk,1st Round Pick
"$4,033,440","$4,235,160","$4,437,000","$5,887,899","","",23,PHO,"$8,268,600",Cameron Johnson,1st Round Pick
"$4,160,000","","","","","",26,ATL,"$4,160,000",Alex Len,Room Exception
"$4,161,000","$4,359,000","$5,557,725","","","",23,PHO,"$8,520,000",Mikal Bridges,1st Round Pick
"$4,240,200","$5,406,255","","","","",22,POR,"$9,646,455",Zach Collins,1st Round Pick
"$4,245,720","$4,458,000","$4,670,160","$5,954,454","","",20,ATL,"$8,703,720",Cam Reddish,1st Round Pick
"$4,380,120","$4,588,680","$5,845,978","","","",20,NYK,"$8,968,800",Kevin Knox,1st Round Pick
"$4,444,746","$29,250,000","$31,590,000","$33,930,000","$36,270,000","$38,610,000",22,DEN,"$174,094,746",Jamal Murray,1st Round Pick
"$4,463,640","$5,686,677","","","","",22,NYK,"$10,150,317",Dennis Smith,1st Round Pick
"$4,469,160","$4,692,840","$4,916,160","$6,263,188","","",21,WAS,"$9,162,000",Rui Hachimura,1st Round Pick
"$4,629,630","$5,000,000","$5,370,370","","","",23,GSW,"$9,629,630",Kevon Looney,""
"$4,629,630","$5,000,000","$5,370,370","","","",28,LAC,"$15,000,000",Rodney McGruder,""
"$4,764,960","$4,991,880","$6,349,671","","","",20,CLE,"$9,756,840",Collin Sexton,1st Round Pick
"$4,767,000","","","","","",30,IND,"$4,767,000",Justin Holiday,Room Exception
"$4,767,000","$5,005,350","","","","",27,BOS,"$4,767,000",Enes Kanter,Room Exception
"$4,767,000","$5,005,350","","","","",33,BRK,"$4,767,000",Garrett Temple,Room Exception
"$4,767,000","$5,005,350","","","","",29,LAC,"$4,767,000",JaMychal Green,Room Exception
"$4,767,000","$5,005,350","","","","",29,LAL,"$9,772,350",Avery Bradley,Room Exception
"$4,767,000","$5,005,350","","","","",31,MIL,"$4,767,000",Robin Lopez,Room Exception
"$4,767,000","$5,005,350","","","","",31,PHI,"$9,772,350",Mike Scott,Room Exception
"$4,767,000","$5,005,350","","","","",26,PHO,"$9,772,350",Frank Kaminsky,Room Exception
"$4,767,000","$5,005,350","","","","",26,SAC,"$9,772,350",Richaun Holmes,Room Exception
"$4,767,000","$5,005,350","","","","",30,UTA,"$9,772,350",Ed Davis,Room Exception
"$4,855,800","$6,176,578","","","","",21,NYK,"$11,032,378",Frank Ntilikina,1st Round Pick
"$4,861,208","$24,431,818","$22,477,273","$20,522,727","$18,568,182","",26,SAC,"$90,861,208",Buddy Hield,1st Round Pick
"$4,862,040","$5,105,160","$5,348,280","$6,803,012","","",19,NOP,"$9,967,200",Jaxson Hayes,1st Round Pick
"$4,990,000","$4,990,000","$4,990,000","","","",34,LAL,"$14,970,000",Luol Deng,""
"$40,231,758","$43,006,362","$45,780,966","","","",31,GSW,"$129,019,086",Stephen Curry,Bird Rights
"$415,414","","","","","",23,BOS,"$415,414",Max Strus,""
"$459,414","$459,414","","","","",24,MEM,"$918,828",Dakari Johnson,""
"$5,000,000","$5,000,000","","","","",27,BOS,"$5,000,000",Daniel Theis,""
"$5,100,000","","","","","",39,SAS,"$5,100,000",Pau Gasol,""
"$5,201,400","$5,448,840","$6,920,027","","","",20,CHI,"$10,650,240",Wendell Carter,1st Round Pick
"$5,214,583","$5,214,583","$5,214,584","","","",31,MIA,"$15,643,750",Ryan Anderson,""
"$5,300,400","$6,731,508","","","","",22,CHI,"$12,031,908",Lauri Markkanen,1st Round Pick
"$5,307,120","$5,572,680","$5,837,760","$7,413,955","","",19,CHI,"$10,879,800",Coby White,1st Round Pick
"$5,331,729","","","","","",34,DET,"$5,331,729",Josh Smith,""
"$5,348,007","","","","","",25,CHI,"$5,348,007",Kris Dunn,1st Round Pick
"$5,453,280","","","","","",32,PHO,"$5,453,280",Aron Baynes,""
"$5,474,787","","","","","",35,BRK,"$5,474,787",Deron Williams,""
"$5,500,000","$5,500,000","","","","",24,SAS,"$5,500,000",Trey Lyles,MLE
"$5,573,333","$5,573,333","$5,573,334","","","",33,ORL,"$16,720,000",Timofey Mozgov,""
"$5,697,600","$5,969,040","$7,568,742","","","",21,ORL,"$11,666,640",Mo Bamba,1st Round Pick
"$5,718,000","$6,003,900","","","","",27,POR,"$5,718,000",Rodney Hood,MLE
"$5,806,440","$7,362,566","","","","",22,ORL,"$13,169,006",Jonathan Isaac,1st Round Pick
"$5,813,640","$6,104,280","$6,395,160","$8,109,063","","",20,MIN,"$11,917,920",Jarrett Culver,1st Round Pick
"$5,846,154","","","","","",33,SAS,"$5,846,154",Marco Belinelli,MLE
"$5,853,659","$6,146,341","","","","",31,WAS,"$12,000,000",Ish Smith,MLE
"$50,000","","","","","",28,SAC,"$50,000",Hollis Thompson,""
"$50,000","","","","","",23,SAC,"$50,000",Tyler Lydon,""
"$50,000","","","","","",23,SAC,"$50,000",Tyler Ulis,""
"$50,000","","","","","",25,TOR,"$50,000",Isaiah Taylor,""
"$50,000","","","","","",26,UTA,"$50,000",William Howard,""
"$500,000","","","","","",31,HOU,"$500,000",Ryan Anderson,""
"$6,000,000","","","","","",25,LAC,"$6,000,000",Montrezl Harrell,""
"$6,273,000","$6,571,800","$8,326,471","","","",21,ATL,"$12,844,800",Trae Young,1st Round Pick
"$6,392,760","$8,099,627","","","","",21,SAC,"$14,492,387",De'Aaron Fox,1st Round Pick
"$6,400,920","$6,720,720","$7,040,880","$8,920,795","","",19,CLE,"$13,121,640",Darius Garland,1st Round Pick
"$6,431,666","$6,431,666","$6,431,666","","","",34,NYK,"$19,294,998",Joakim Noah,""
"$6,481,482","$7,000,000","$7,518,518","$7,518,518","","",22,LAC,"$21,000,000",Ivica Zubac,""
"$6,500,000","$6,500,000","","","","",24,ATL,"$6,500,000",Jabari Parker,""
"$6,534,829","$22,991,071","$24,830,357","$26,669,643","$28,508,929","",23,BOS,"$109,534,829",Jaylen Brown,1st Rd pick
"$6,825,000","$7,150,000","","","","",31,SAC,"$6,825,000",Nemanja Bjelica,""
"$6,927,480","$7,257,360","$9,180,560","","","",20,MEM,"$14,184,840",Jaren Jackson,1st Round Pick
"$666,667","$666,667","$666,666","","","",34,GSW,"$2,666,666",Shaun Livingston,""
"$685,340","$685,340","","","","",31,MIN,"$1,370,680",Cole Aldrich,""
"$7,000,000","","","","","",27,WAS,"$7,000,000",Dāvis Bertāns,Early Bird Rights
"$7,000,000","$6,650,000","$7,000,000","","","",33,SAS,"$15,000,000",DeMarre Carroll,""
"$7,000,000","$7,000,000","","","","",32,MIL,"$7,000,000",Ersan İlyasova,MLE
"$7,059,480","","","","","",22,MEM,"$7,059,480",Josh Jackson,1st Round Pick
"$7,068,360","$7,422,000","$7,775,400","$9,835,881","","",22,ATL,"$14,490,360",De'Andre Hunter,1st Round Pick
"$7,250,000","","","","","",32,ORL,"$7,250,000",D.J. Augustin,Cap Space
"$7,250,000","$7,000,000","","","","",29,NOP,"$7,250,000",Darius Miller,""
"$7,265,485","","","","","",22,NOP,"$7,265,485",Brandon Ingram,1st Round Pick
"$7,317,073","$7,682,927","","","","",31,DET,"$15,000,000",Derrick Rose,MLE
"$7,333,333","","","","","",27,DET,"$7,333,333",Langston Galloway,MLE
"$7,333,334","$7,333,333","","","","",27,IND,"$14,666,667",Doug McDermott,""
"$7,441,860","$7,813,953","$8,186,047","$8,558,140","","",29,DAL,"$32,000,000",Seth Curry,MLE
"$7,670,000","","","","","",28,BRK,"$7,670,000",Joe Harris,Early Bird Rights
"$7,683,360","$8,049,360","$10,174,391","","","",20,DAL,"$15,732,720",Luka Dončić,1st Round Pick
"$7,804,878","$8,195,122","","","","",32,NYK,"$7,804,878",Wayne Ellington,""
"$7,815,533","","","","","",29,MEM,"$7,815,533",Jae Crowder,Bird Rights
"$7,830,000","$9,897,120","","","","",21,BOS,"$17,727,120",Jayson Tatum,1st Round Pick
"$7,839,960","$8,231,760","$8,623,920","$10,900,635","","",19,NYK,"$16,071,720",RJ Barrett,1st Round Pick
"$7,936,508","$8,333,333","$8,730,159","","","",22,WAS,"$25,000,000",Thomas Bryant,""
"$737,067","$737,067","$737,066","","","",30,OKC,"$2,211,200",Patrick Patterson,""
"$8,000,000","$8,000,000","","","","",33,LAC,"$16,000,000",Lou Williams,Cap Space
"$8,000,000","$8,000,000","","","","",25,NYK,"$9,000,000",Elfrid Payton,""
"$8,000,000","$8,250,000","$8,750,000","$9,000,000","","",27,DAL,"$25,000,000",Maxi Kleber,""
"$8,089,282","$8,493,746","","","","",26,LAL,"$8,089,282",Kentavious Caldwell-Pope,""
"$8,113,930","$29,250,000","$31,590,000","$33,930,000","$36,270,000","$38,610,000",23,PHI,"$177,763,930",Ben Simmons,1st Round Pick
"$8,156,500","$7,529,020","","","","",27,CHI,"$15,685,520",Cristiano Felício,Cap Space
"$8,349,039","$7,969,537","","","","",34,HOU,"$10,918,227",P.J. Tucker,MLE
"$8,408,000","$7,965,100","$7,522,200","","","",23,MEM,"$23,895,300",Tyus Jones,MLE
"$8,529,386","","","","","",27,SAC,"$8,529,386",Bogdan Bogdanović,Cap Space
"$8,556,120","$8,963,640","$11,312,114","","","",20,SAC,"$17,519,760",Marvin Bagley,1st Round Pick
"$8,664,928","","","","","",30,NOP,"$8,664,928",E'Twaun Moore,Cap Space
"$8,719,320","$11,003,782","","","","",22,NOP,"$19,723,102",Lonzo Ball,1st Round Pick
"$8,730,158","","","","","",32,WAS,"$8,730,158",C.J. Miles,MLE
"$8,730,240","$9,166,800","$9,603,360","$12,119,440","","",20,MEM,"$17,897,040",Ja Morant,1st Round Pick
"$838,464","$1,663,861","","","","",23,DET,"$838,464",Khyri Thomas,MLE
"$898,310","","","","","",26,CHI,"$175,000",Shaquille Harrison,""
"$898,310","$1,517,981","","","","",26,BOS,"$100,000",Javonte Green,Minimum Salary
"$898,310","$1,517,981","","","","",19,LAL,"$2,416,291",Talen Horton-Tucker,Minimum Salary
"$898,310","$1,517,981","","","","",22,TOR,"$898,310",Terence Davis,Minimum Salary
"$898,310","$1,517,981","$1,782,621","","","",20,BRK,"$4,198,912",Nicolas Claxton,Minimum Salary
"$898,310","$1,517,981","$1,782,621","","","",24,CHO,"",Caleb Martin,""
"$898,310","$1,517,981","$1,782,621","","","",23,GSW,"$4,198,912",Eric Paschall,MLE
"$898,310","$1,517,981","$1,782,621","","","",20,MIA,"$4,198,912",KZ Okpala,MLE
"$898,310","$1,517,981","$1,782,621","","","",20,NYK,"$2,416,291",Ignas Brazdeikis,Minimum Salary
"$898,310","$1,517,981","$1,782,621","","","",22,SAC,"$2,416,291",Justin James,Minimum Salary
"$898,310","$1,517,981","$1,782,621","","","",25,TOR,"$1,623,310",Matt Thomas,MLE
"$898,310","$1,517,981","$1,782,621","","","",22,TOR,"$500,000",Dewan Hernandez,MLE
"$898,310","$1,517,981","$1,782,621","","","",22,UTA,"$898,310",Miye Oni,Minimum Salary
"$898,310","$1,517,981","$1,782,621","","","",22,WAS,"$250,000",Justin Robinson,MLE
"$898,310","$1,517,981","$1,782,621","","","",22,WAS,"$4,198,912",Admiral Schofield,MLE
"$898,310","$1,517,981","$1,782,621","$1,930,681","","",21,CHI,"$2,416,291",Daniel Gafford,Minimum Salary
"$898,310","$1,517,981","$1,782,621","$1,930,681","","",19,GSW,"$2,415,891",Alen Smailagić,MLE
"$898,310","$1,517,981","$1,782,621","$1,930,681","","",20,MIN,"$898,310",Naz Reid,MLE
"$898,310","$1,517,981","$1,782,621","$1,930,681","","",19,PHO,"$2,416,291",Jalen Lecque,""
"$9,000,000","","","","","",25,TOR,"$9,000,000",Fred VanVleet,Bird Rights
"$9,073,050","$9,505,100","$9,937,150","","","",26,MEM,"$28,515,300",Kyle Anderson,MLE
"$9,133,907","$9,590,602","$10,047,297","","","",33,MIL,"$20,000,000",George Hill,""
"$9,258,000","$9,720,900","$10,183,800","","","",29,ORL,"$29,162,700",Al-Farouq Aminu,MLE
"$9,346,153","$9,346,153","","","","",25,DEN,"$9,346,153",Jerami Grant,""
"$9,473,684","$9,000,000","$8,526,316","","","",27,DAL,"$27,000,000",Delon Wright,""
"$9,562,920","$10,018,200","$12,632,950","","","",21,PHO,"$19,581,120",Deandre Ayton,1st Round Pick
"$9,600,000","$9,600,000","","","","",24,UTA,"$18,200,000",Dante Exum,Cap Space
"$9,607,500","","","","","",29,CLE,"$9,607,500",Matthew Dellavedova,Cap Space
"$9,732,396","","","","","",28,CLE,"$9,732,396",John Henson,1st Round Pick
"$9,745,200","$12,288,697","","","","",21,ORL,"$22,033,897",Markelle Fultz,1st Round Pick
"$9,757,440","$10,245,480","$10,733,400","$13,534,817","","",19,NOP,"$20,002,920",Zion Williamson,1st Round Pick
"$9,800,000","$10,290,000","","","","",34,NYK,"$9,800,000",Taj Gibson,""
"$9,881,598","$10,375,678","$9,881,598","$9,821,842","","",31,BRK,"$39,960,716",DeAndre Jordan,""
"$92,857","$92,857","$92,857","$92,857","$92,857","",25,BOS,"$464,285",Demetrius Jackson,""
"$999,200","$999,200","$999,200","$999,200","","",31,OKC,"$3,996,800",Kyle Singler,""
