出场,出手,出手_2,出手_4,得分,罚球,盖帽,犯规,后场,篮板,命中,命中_1,命中_3,前场,抢断,球员,三分,时间,首发,投篮,失误,助攻,ATL
1,0.0,0.0,0.0,0.0,"",0.0,0.0,0.0,0.0,0.0,0.0,0.0,0.0,0.0,弗拉特科-钱查尔,"",2.0,0,"",0.0,0.0,DEN
1,0.0,0.0,0.0,0.0,"",0.0,0.0,0.0,0.0,0.0,0.0,0.0,0.0,0.0,亨利-埃伦森,"",3.0,0,"",0.0,0.0,BKN
1,0.0,0.0,0.0,0.0,"",0.0,0.0,0.0,0.0,0.0,0.0,0.0,0.0,0.0,罗密欧-兰福德,"",0.0,0,"",0.0,0.0,BOS
1,0.0,0.0,0.0,0.0,"",0.0,0.0,0.0,0.0,0.0,0.0,0.0,0.0,0.0,约翰-孔查尔,"",7.0,0,"",0.0,0.0,MEM
2,0.0,0.0,0.0,0.0,"",0.0,0.0,0.5,0.5,0.0,0.0,0.0,0.0,0.0,KZ-奥克帕拉,"",1.0,0,"",0.5,0.0,MIA
2,0.0,0.0,0.0,0.0,"",0.0,0.0,0.5,0.5,0.0,0.0,0.0,0.0,0.0,克斯塔斯-安特托昆博,"",1.0,0,"",0.0,0.0,LAL
3,0.0,0.0,0.0,0.0,"",0.0,0.0,0.7,0.7,0.0,0.0,0.0,0.0,0.0,贾里德-范德比尔特,"",3.0,0,"",0.3,0.3,DEN
2,0.0,0.0,1.0,0.5,50.0%,0.0,0.0,0.0,0.0,0.0,0.0,0.5,0.0,0.0,凯里-托马斯,"",3.0,0,"",0.0,0.0,DET
1,0.0,0.0,4.0,3.0,75.0%,4.0,3.0,2.0,2.0,0.0,0.0,3.0,0.0,0.0,Norvel Pelle,"",13.0,0,"",2.0,1.0,PHI
2,0.5,0.0,0.0,0.0,"",0.0,0.0,0.5,0.5,0.0,0.0,0.0,0.0,0.0,小扎克-诺维尔,"",2.5,0,0.0%,0.0,0.0,LAL
2,0.5,0.0,0.0,1.0,"",0.0,0.5,0.0,0.5,0.5,0.0,0.0,0.5,0.0,DaQuan Jeffries,"",5.5,0,100.0%,0.0,0.5,SAC
4,0.5,0.0,0.5,0.8,50.0%,0.5,0.8,0.8,1.0,0.3,0.0,0.3,0.3,0.3,凯莱布-斯瓦尼根,"",3.0,0,50.0%,0.8,0.0,SAC
2,0.5,0.0,1.0,1.0,0.0%,0.0,0.0,0.0,0.0,0.5,0.0,0.0,0.0,0.5,乔纳-博尔登,"",2.5,0,100.0%,0.5,0.0,PHI
2,0.5,0.0,2.0,2.5,75.0%,0.0,1.5,1.5,1.5,0.5,0.0,1.5,0.0,0.0,乌杜尼斯-哈斯勒姆,"",5.5,0,100.0%,0.0,0.0,MIA
2,0.5,0.5,0.0,0.0,"",0.0,0.5,0.0,0.0,0.0,0.0,0.0,0.0,0.0,布兰登-古德温,0.0%,2.5,0,0.0%,1.0,0.0,ATL
3,0.7,0.0,0.0,0.7,"",0.0,0.3,1.0,1.3,0.3,0.0,0.0,0.3,0.3,杰伦-霍尔德,"",3.3,0,50.0%,0.0,0.3,POR
3,0.7,0.3,0.0,1.0,"",0.0,1.0,0.7,0.7,0.3,0.3,0.0,0.0,0.3,Dean Wade,100.0%,6.0,0,50.0%,0.0,0.0,CLE
6,0.7,0.5,0.0,0.8,"",0.0,0.7,0.0,0.0,0.3,0.2,0.0,0.0,0.0,德里克-沃顿,33.3%,3.7,0,50.0%,0.2,0.5,LAC
4,0.8,0.0,0.0,1.5,"",0.0,0.5,0.5,1.0,0.8,0.0,0.0,0.5,0.0,阿米尔-杰弗森,"",3.0,0,100.0%,0.3,0.5,ORL
4,0.8,0.3,0.0,0.8,"",0.0,0.0,0.3,0.3,0.3,0.3,0.0,0.0,0.3,Oshae Brissett,100.0%,4.3,0,33.3%,0.3,0.3,TOR
4,0.8,0.3,1.0,1.8,100.0%,0.3,0.0,0.3,0.8,0.3,0.3,1.0,0.5,0.0,小查尔斯-布朗,100.0%,4.3,0,33.3%,0.0,0.0,ATL
13,0.8,0.6,0.2,1.3,100.0%,0.1,0.6,0.6,0.7,0.4,0.4,0.2,0.1,0.4,贾莱德-杜德利,62.5%,7.2,0,45.5%,0.2,0.7,LAL
18,0.9,0.0,0.5,1.7,55.6%,0.4,1.3,1.7,2.7,0.7,0.0,0.3,1.1,0.3,泰森-钱德勒,"",9.2,4,76.5%,0.3,0.3,HOU
1,1.0,0.0,0.0,0.0,"",0.0,0.0,0.0,0.0,0.0,0.0,0.0,0.0,0.0,Keldon Johnson,"",2.0,0,0.0%,0.0,0.0,SAS
2,1.0,0.0,0.0,1.0,"",0.0,0.5,0.5,1.0,0.5,0.0,0.0,0.5,0.0,乔什-格雷,"",11.0,0,50.0%,2.5,1.0,NOH
6,1.0,0.0,0.3,2.0,100.0%,0.0,0.2,0.3,0.8,0.8,0.0,0.3,0.5,0.2,泰勒-库克,"",2.7,0,83.3%,0.2,0.0,CLE
2,1.0,0.5,1.0,0.5,50.0%,0.0,0.0,0.0,0.0,0.0,0.0,0.5,0.0,0.0,蒂莫西-鲁瓦乌,0.0%,3.0,0,0.0%,0.0,0.0,BKN
3,1.0,0.7,0.0,1.0,"",0.0,0.3,0.0,0.0,0.3,0.3,0.0,0.0,0.0,达丽尔-麦肯,50.0%,4.3,0,33.3%,0.7,0.3,MIA
1,1.0,1.0,0.0,0.0,"",0.0,0.0,0.0,0.0,0.0,0.0,0.0,0.0,0.0,贾里德-哈珀,0.0%,2.0,0,0.0%,0.0,0.0,PHO
7,1.3,0.0,0.3,1.3,50.0%,0.3,1.0,0.4,1.1,0.6,0.0,0.1,0.7,0.1,文森特-波里尔,"",4.6,0,44.4%,0.4,0.4,BOS
3,1.3,0.3,0.0,0.7,"",0.3,0.0,0.3,0.3,0.3,0.0,0.0,0.0,0.0,Brian Bowen II,0.0%,3.3,0,25.0%,0.0,0.0,IND
8,1.4,0.0,0.5,1.6,75.0%,0.0,0.5,0.8,1.5,0.6,0.0,0.4,0.8,0.0,阿利兹-约翰逊,"",4.8,0,45.5%,0.1,0.3,IND
8,1.4,1.3,0.5,2.3,25.0%,0.1,0.6,0.6,0.6,0.8,0.6,0.1,0.0,0.0,马尔科姆-米勒,50.0%,6.0,1,54.5%,0.3,0.5,TOR
2,1.5,0.0,0.0,2.0,"",0.0,0.5,0.5,0.5,1.0,0.0,0.0,0.0,0.0,渡边雄太,"",3.5,0,66.7%,0.0,0.0,MEM
4,1.5,0.3,0.0,0.5,"",0.0,0.3,0.0,0.3,0.3,0.0,0.0,0.3,0.0,梅尔文-弗雷泽,0.0%,3.0,0,16.7%,0.0,0.3,ORL
4,1.5,0.3,0.3,1.5,0.0%,0.0,0.8,0.5,0.5,0.8,0.0,0.0,0.0,0.0,Sekou Doumbouya,0.0%,3.0,0,50.0%,0.0,0.0,DET
2,1.5,0.5,0.0,1.0,"",0.0,2.0,1.0,1.0,0.5,0.0,0.0,0.0,0.0,贾斯廷-巴顿,0.0%,4.5,0,33.3%,0.5,0.0,OKC
2,1.5,0.5,0.0,1.5,"",0.0,0.5,0.5,1.0,0.5,0.5,0.0,0.5,0.0,乔纳森-莫特利,100.0%,2.0,0,33.3%,1.0,1.0,LAC
2,1.5,0.5,0.5,2.5,100.0%,0.0,0.5,0.0,0.5,1.0,0.0,0.5,0.5,0.0,Max Strus,0.0%,3.0,0,66.7%,0.0,0.0,CHI
3,1.7,0.3,0.0,1.3,"",0.0,0.7,0.0,0.0,0.7,0.0,0.0,0.0,0.0,乔丹-博恩,0.0%,2.3,0,40.0%,0.7,0.0,DET
3,1.7,0.3,0.7,1.3,100.0%,0.0,1.7,1.7,2.3,0.3,0.0,0.7,0.7,0.3,Dewan Hernandez,0.0%,3.0,0,20.0%,0.3,0.0,TOR
6,1.7,1.0,0.3,2.7,100.0%,0.2,0.5,0.5,0.5,0.8,0.7,0.3,0.0,0.0,姆菲翁杜-卡本盖莱,66.7%,3.8,0,50.0%,0.0,0.0,LAC
4,1.8,0.0,1.0,2.0,50.0%,0.0,1.0,1.8,2.3,0.8,0.0,0.5,0.5,0.3,摩西-布朗,"",3.5,0,42.9%,0.3,0.0,POR
5,1.8,0.8,0.0,1.4,"",0.0,1.2,1.0,1.4,0.6,0.2,0.0,0.4,0.2,斯坦利-约翰逊,25.0%,3.8,0,33.3%,0.8,0.0,TOR
21,10.0,4.7,2.5,13.4,83.0%,0.3,1.8,3.5,4.0,4.8,1.8,2.1,0.5,1.0,诺曼-鲍威尔,37.4%,28.3,11,47.4%,1.4,1.6,TOR
21,10.1,1.8,2.1,12.1,77.8%,0.2,2.1,2.0,2.5,5.0,0.4,1.7,0.5,1.3,马克尔-富尔茨,21.6%,25.5,16,49.8%,1.8,4.0,ORL
23,10.2,3.2,1.3,11.4,83.3%,0.3,1.6,3.0,4.4,4.6,1.2,1.1,1.5,0.9,格伦-罗宾逊三世,38.4%,31.9,23,44.9%,0.9,1.9,GSW
21,10.2,6.2,2.2,12.4,80.9%,0.1,1.9,1.9,2.1,4.2,2.2,1.8,0.3,0.6,蒂姆-哈达威二世,35.4%,24.5,8,40.9%,0.6,1.7,DAL
17,10.3,0.0,2.9,14.5,46.9%,1.9,2.9,10.6,14.9,6.6,0.0,1.4,4.3,1.0,克林特-卡佩拉,"",32.8,17,64.0%,1.7,1.1,HOU
20,10.3,0.2,3.7,13.2,56.2%,0.5,3.5,5.3,6.9,5.6,0.1,2.1,1.6,2.5,本-西蒙斯,33.3%,34.5,20,54.1%,3.9,8.5,PHI
19,10.4,0.0,3.8,15.3,75.3%,2.2,3.0,9.0,12.6,6.2,0.0,2.9,3.6,0.4,哈桑-怀特塞德,"",27.8,19,59.9%,2.1,1.2,POR
11,10.5,2.4,2.7,13.5,83.3%,1.0,2.6,5.1,6.4,5.2,0.8,2.3,1.3,0.5,赛尔吉-伊巴卡,34.6%,22.1,0,49.1%,2.2,1.0,TOR
19,10.7,3.7,2.2,12.6,78.6%,2.7,2.3,5.4,7.3,4.8,1.2,1.7,1.8,1.4,乔纳森-艾萨克,32.4%,30.8,19,45.3%,1.6,1.5,ORL
20,10.7,4.3,1.3,10.8,84.0%,0.0,1.3,1.3,1.5,4.1,1.6,1.1,0.2,0.8,达里厄斯-加兰,37.2%,28.2,20,38.0%,2.6,3.0,CLE
19,10.8,1.6,2.3,14.5,83.7%,0.9,2.7,7.3,10.1,6.1,0.5,1.9,2.7,0.4,约纳斯-瓦兰丘纳斯,33.3%,24.8,19,56.1%,2.2,1.8,MEM
20,10.8,4.3,4.4,15.1,88.6%,0.0,2.4,4.1,4.3,4.8,1.6,3.9,0.3,1.6,克里斯-保罗,37.6%,30.6,20,44.7%,1.9,6.0,OKC
14,10.8,6.6,1.0,11.6,71.4%,0.4,1.9,3.6,4.4,4.2,2.4,0.7,0.8,1.2,朗佐-鲍尔,36.6%,28.9,11,39.1%,2.7,6.0,NOH
20,10.9,5.0,3.5,14.0,88.6%,0.3,1.2,1.6,2.2,4.6,1.8,3.1,0.6,0.6,乔丹-克拉克森,35.0%,22.5,0,41.7%,1.3,2.5,CLE
19,10.9,6.1,2.1,12.6,85.0%,0.3,1.8,2.6,2.9,4.5,1.8,1.8,0.3,0.9,泰伦斯-罗斯,30.4%,24.0,0,40.9%,1.2,1.0,ORL
19,10.9,6.6,1.7,11.9,87.9%,0.5,2.4,2.5,3.4,4.1,2.2,1.5,0.9,1.4,马库斯-斯玛特,32.8%,32.1,14,37.7%,1.2,4.7,BOS
21,10.9,7.4,2.8,15.6,84.7%,0.3,1.8,3.0,3.2,4.9,3.5,2.4,0.2,0.5,J.J.雷迪克,47.1%,28.9,17,44.7%,1.4,2.0,NOH
23,11.0,4.3,1.4,12.6,75.0%,0.8,2.1,4.0,5.4,5.0,1.6,1.0,1.4,0.5,迈尔斯-布里奇斯,36.0%,30.7,23,45.3%,1.6,1.9,CHA
21,11.0,4.7,2.3,12.2,79.2%,0.2,2.6,3.6,4.1,4.3,1.7,1.8,0.5,0.6,德安德烈-亨特,36.4%,31.6,21,39.6%,1.8,1.7,ATL
22,11.0,6.7,1.7,13.0,83.8%,0.0,2.0,2.2,2.5,4.6,2.5,1.4,0.3,0.5,布林-福布斯,36.5%,27.3,22,41.6%,0.7,2.0,SAS
20,11.1,5.1,2.3,13.6,82.2%,0.2,1.5,3.5,3.8,4.9,2.0,1.9,0.3,0.7,泰勒-希罗,39.2%,28.2,3,43.9%,2.1,2.0,MIA
16,11.2,3.6,3.3,12.6,83.0%,0.1,2.8,4.1,4.8,4.4,1.1,2.8,0.7,1.4,里基-卢比奥,31.0%,31.3,16,39.1%,1.8,8.7,PHO
19,11.4,0.4,3.4,13.9,60.9%,1.2,2.5,6.4,10.6,5.8,0.2,2.1,4.2,0.7,特里斯坦-汤普森,42.9%,31.4,19,51.2%,1.5,2.2,CLE
22,11.4,5.7,4.4,13.6,81.4%,0.5,1.9,6.0,6.9,4.1,1.8,3.6,1.0,0.8,劳里-马尔卡宁,31.0%,29.4,22,36.4%,1.9,1.7,CHI
17,11.4,5.9,4.9,16.7,88.1%,0.4,1.5,9.8,10.7,5.1,2.2,4.4,0.9,0.7,凯文-乐福,37.6%,31.0,17,44.6%,2.8,2.8,CLE
21,11.4,6.3,1.0,14.5,77.3%,0.4,2.5,3.0,3.9,5.5,2.8,0.8,0.9,0.8,乔-哈里斯,43.9%,31.7,21,48.1%,1.4,1.9,BKN
20,11.6,3.9,4.5,16.3,80.0%,0.2,1.3,3.8,4.9,5.6,1.5,3.6,1.1,1.0,哈里森-巴恩斯,37.2%,35.0,20,48.5%,1.4,2.1,SAC
18,11.6,5.3,4.2,15.9,71.1%,0.2,1.8,2.9,3.2,5.4,2.2,3.0,0.3,0.7,戈兰-德拉季奇,40.6%,28.7,1,46.6%,2.6,5.0,MIA
18,11.7,4.0,3.4,13.8,70.5%,0.4,2.2,5.1,6.6,5.1,1.3,2.4,1.5,0.7,阿隆-戈登,33.3%,30.8,18,43.1%,1.3,2.9,ORL
21,11.9,7.0,1.3,13.5,70.4%,0.4,2.7,5.1,6.0,4.9,2.9,0.9,0.9,0.9,陶林-普林斯,40.5%,30.2,21,40.8%,2.1,2.0,BKN
20,12.0,4.0,1.8,14.4,68.6%,1.0,2.3,5.1,7.0,5.8,1.6,1.2,1.9,1.1,艾尔-霍福德,38.8%,31.3,20,48.3%,1.2,4.0,PHI
5,12.2,3.8,3.4,17.0,70.6%,2.0,3.4,6.8,8.8,6.4,1.8,2.4,2.0,1.0,约翰-科林斯,47.4%,32.2,5,52.5%,1.4,1.6,ATL
20,12.2,4.2,4.1,15.0,87.7%,0.3,2.2,3.8,4.4,5.0,1.5,3.6,0.7,1.0,亚历克-伯克斯,34.9%,29.3,10,41.2%,1.4,2.8,GSW
9,12.2,8.2,1.6,10.9,64.3%,0.2,2.3,1.6,1.9,3.8,2.3,1.0,0.3,0.6,埃里克-戈登,28.4%,29.6,2,30.9%,1.3,0.8,HOU
22,12.3,3.6,3.2,15.2,78.6%,0.5,2.5,4.3,5.2,5.8,1.1,2.5,0.9,0.7,埃里克-布莱索,31.3%,27.1,22,47.0%,2.2,5.6,MIL
21,12.3,4.5,2.3,13.2,81.6%,0.4,4.0,2.5,3.6,4.8,1.7,1.9,1.1,1.0,狄龙-布鲁克斯,37.9%,27.6,21,39.0%,1.3,2.0,MEM
17,12.4,4.7,2.4,14.9,72.5%,0.4,2.2,5.3,7.0,5.6,2.0,1.7,1.7,1.0,威尔-巴顿,42.5%,32.5,17,45.0%,1.4,3.4,DEN
22,12.4,6.0,1.8,12.4,77.5%,0.0,1.4,3.3,3.5,4.5,2.0,1.4,0.3,0.8,科比-怀特,33.3%,25.1,0,36.3%,1.4,2.1,CHI
22,12.5,2.5,4.6,17.3,81.4%,0.3,2.0,3.9,5.5,6.4,0.8,3.8,1.5,0.3,埃里克-帕斯卡尔,31.5%,31.9,16,50.7%,1.7,1.8,GSW
21,12.5,5.1,3.5,13.9,79.5%,0.2,2.1,2.7,3.5,4.6,1.9,2.8,0.8,0.8,迈克-康利,37.4%,29.9,21,36.9%,2.1,4.6,UTA
20,12.5,6.6,4.8,18.5,91.7%,0.1,1.6,5.0,5.5,5.6,2.9,4.4,0.6,0.6,达尼罗-加里纳利,43.2%,30.0,20,45.0%,1.3,2.2,OKC
17,12.7,2.3,3.1,15.9,86.5%,0.4,1.2,1.4,1.8,6.2,0.8,2.6,0.4,0.8,德里克-罗斯,33.3%,23.4,1,49.1%,2.5,5.8,DET
10,12.7,2.6,2.7,12.4,66.7%,0.4,3.6,5.5,7.1,5.0,0.6,1.8,1.6,0.7,贾斯蒂斯-温斯洛,23.1%,33.7,5,39.4%,2.3,4.3,MIA
20,12.7,5.3,2.8,15.7,81.8%,1.2,4.1,3.6,4.9,5.7,2.1,2.3,1.4,0.5,杰伦-杰克逊,38.7%,26.7,20,44.9%,1.8,1.4,MEM
21,12.7,6.6,2.9,16.5,88.5%,0.2,2.2,3.3,3.6,5.6,2.7,2.6,0.3,0.5,卢克-肯纳德,40.3%,33.1,18,44.4%,1.3,4.3,DET
18,12.7,7.2,2.3,14.8,71.4%,0.1,1.8,2.5,2.7,5.2,2.8,1.7,0.2,1.4,博格丹-博格达诺维奇,38.5%,27.6,0,40.6%,1.9,4.7,SAC
16,12.8,5.2,3.1,16.1,80.0%,0.6,2.9,2.8,3.4,5.8,2.0,2.5,0.6,1.1,约什-理查德森,38.6%,32.1,16,45.6%,2.3,3.6,PHI
12,13.0,4.0,3.0,16.6,86.1%,0.7,2.3,4.9,5.5,6.4,1.2,2.6,0.6,1.1,杰里米-兰姆,29.2%,32.8,12,49.4%,1.4,2.8,IND
22,13.2,0.4,5.1,19.1,61.9%,1.2,2.2,5.0,8.0,8.0,0.0,3.2,3.0,0.9,蒙特雷斯-哈雷尔,0.0%,29.7,2,60.1%,1.8,2.2,LAC
15,13.2,5.1,3.1,17.4,89.4%,0.1,2.3,4.7,5.5,6.3,1.9,2.8,0.9,0.9,克里斯-米德尔顿,37.7%,27.3,12,48.0%,1.7,3.2,MIL
22,13.3,3.8,2.5,16.0,72.2%,0.5,3.2,4.4,6.3,6.6,1.0,1.8,1.9,1.5,贾巴里-帕克,26.2%,28.1,17,49.8%,1.9,1.9,ATL
17,13.4,3.3,8.6,20.1,85.6%,0.7,1.2,3.9,5.9,5.8,1.1,7.4,2.0,2.4,吉米-巴特勒,32.1%,34.0,17,43.6%,2.5,6.5,MIA
19,13.4,3.8,2.6,14.9,77.6%,0.5,3.3,8.0,10.1,6.1,0.8,2.0,2.1,1.2,尼科拉-约季奇,22.2%,30.8,19,45.1%,2.6,6.2,DEN
22,13.5,0.5,4.2,17.3,61.3%,2.0,3.8,12.1,16.8,7.4,0.0,2.6,4.6,1.7,安德烈-德拉蒙德,0.0%,34.0,22,54.5%,3.9,3.2,DET
21,13.5,4.5,4.6,17.1,78.4%,0.7,3.2,4.6,6.1,6.0,1.5,3.6,1.5,1.5,凯利-奥伯尔,33.7%,31.7,21,44.5%,1.6,1.6,PHO
22,13.7,3.6,5.6,16.8,66.1%,0.1,2.9,6.2,8.5,6.1,0.9,3.7,2.2,0.7,朱利叶斯-兰德尔,24.1%,32.0,22,44.4%,3.4,3.5,NYK
8,13.8,3.8,2.4,18.9,84.2%,0.3,1.9,6.4,7.1,7.6,1.6,2.0,0.8,0.8,戈登-海沃德,43.3%,31.3,8,55.5%,1.9,4.1,BOS
20,13.8,4.7,2.6,15.6,76.9%,0.3,2.2,3.6,4.0,6.1,1.4,2.0,0.4,0.8,丹尼斯-施罗德,30.1%,28.5,0,44.2%,2.8,3.8,OKC
21,13.8,6.0,1.3,15.3,75.0%,0.3,2.7,2.2,2.5,6.1,2.1,1.0,0.2,1.1,肯德里克-纳恩,34.9%,29.4,21,44.1%,2.1,3.4,MIA
10,13.9,8.4,5.6,20.5,91.1%,0.4,2.9,4.0,4.5,6.1,3.2,5.1,0.5,1.1,凯尔-洛瑞,38.1%,37.2,10,43.9%,3.2,7.1,TOR
1,14.0,0.0,0.0,18.0,"",4.0,2.0,8.0,11.0,9.0,0.0,0.0,3.0,1.0,德安德烈-艾顿,"",33.0,1,64.3%,0.0,0.0,PHO
20,14.1,5.6,4.4,18.3,83.9%,0.7,3.2,4.8,6.0,5.9,2.8,3.7,1.2,0.9,马库斯·莫里斯,50.0%,32.8,20,41.8%,1.8,1.3,NYK
21,14.1,6.2,3.7,19.8,84.6%,0.1,2.2,2.8,2.9,7.0,2.8,3.1,0.1,1.0,埃文-富尼耶,44.6%,30.8,21,49.2%,2.1,3.3,ORL
19,14.2,1.2,4.5,18.4,80.0%,0.5,3.8,9.3,13.1,7.3,0.3,3.6,3.8,0.7,多曼塔斯-萨博尼斯,21.7%,34.2,19,51.3%,2.8,3.7,IND
9,14.2,3.3,6.9,18.2,71.0%,0.6,3.0,3.4,4.0,6.1,1.1,4.9,0.6,0.8,德阿龙-福克斯,33.3%,32.1,9,43.0%,4.1,6.9,SAC
21,14.4,3.1,2.6,18.0,81.5%,0.3,2.7,2.6,3.3,7.3,1.3,2.1,0.7,1.1,TJ-沃伦,40.9%,33.2,21,50.8%,1.5,1.1,IND
23,14.4,6.7,2.9,17.7,84.8%,0.2,2.3,3.6,4.3,6.3,2.7,2.4,0.7,1.3,特里-罗齐尔,40.0%,32.4,23,43.4%,2.7,4.2,CHA
8,14.5,3.9,2.8,16.9,86.4%,0.3,3.3,4.9,5.9,6.5,1.5,2.4,1.0,0.6,卡梅罗-安东尼,38.7%,31.1,8,44.8%,1.9,1.8,POR
21,14.6,7.0,4.5,18.7,87.4%,0.1,2.4,3.7,3.9,6.0,2.8,4.0,0.2,2.0,弗雷德-范弗里特,39.7%,37.7,21,41.0%,2.4,7.3,TOR
10,14.7,6.1,5.9,18.8,79.7%,0.3,1.6,4.0,5.2,6.1,1.9,4.7,1.2,0.2,布雷克-格里芬,31.1%,28.8,10,41.5%,2.7,3.3,DET
20,14.8,1.6,3.6,18.9,83.3%,1.8,2.2,4.7,6.7,7.7,0.6,3.0,2.1,0.7,拉玛库斯-阿尔德里奇,35.5%,32.8,20,51.7%,1.7,2.5,SAS
18,14.8,4.3,3.8,18.9,94.1%,0.2,2.1,4.2,4.9,6.9,1.4,3.6,0.7,0.9,马尔科姆-布罗格登,33.8%,31.7,18,47.0%,2.8,7.9,IND
23,14.9,8.6,3.5,18.7,81.5%,0.2,1.7,2.7,3.7,6.1,3.6,2.9,1.0,0.6,德文特-格雷厄姆,41.4%,33.6,13,41.1%,3.1,7.8,CHA
14,15.1,3.6,2.8,17.1,84.6%,1.1,1.9,8.6,11.5,6.8,1.1,2.4,2.9,0.6,尼古拉-武切维奇,32.0%,30.9,14,45.0%,1.4,3.5,ORL
17,15.1,5.2,4.2,19.9,71.8%,0.3,3.1,5.8,6.9,7.5,2.0,3.0,1.2,1.2,杰伦-布朗,38.2%,33.4,17,49.4%,1.6,1.9,BOS
20,15.1,6.2,3.9,16.8,70.1%,2.2,3.0,7.2,8.9,6.0,2.2,2.7,1.8,0.6,克里斯塔普斯-波尔津吉斯,35.0%,30.5,20,39.5%,1.6,1.4,DAL
17,15.2,2.3,5.0,18.6,76.5%,0.3,1.7,2.2,3.2,6.9,0.9,3.8,0.9,1.4,贾-莫兰特,41.0%,28.7,17,45.7%,3.4,6.4,MEM
21,15.3,7.0,3.9,21.0,87.8%,0.2,2.0,3.6,4.3,7.2,3.2,3.4,0.7,0.8,博扬-博格达诺维奇,45.9%,33.2,21,47.0%,2.7,2.1,UTA
22,15.5,4.4,3.4,19.1,78.7%,0.8,2.9,6.5,7.2,7.5,1.3,2.7,0.7,1.0,托比亚斯-哈里斯,30.2%,34.5,22,48.7%,2.1,3.1,PHI
9,15.6,4.0,3.4,16.8,64.5%,0.1,2.2,3.9,5.0,6.6,1.4,2.2,1.1,0.7,卡里斯-勒夫特,36.1%,31.4,9,42.1%,3.4,4.0,BKN
20,15.7,3.7,3.8,18.1,80.3%,0.1,2.3,2.3,3.3,6.9,1.2,3.1,1.0,0.9,科林-塞克斯顿,32.4%,30.6,20,43.9%,1.9,2.5,CLE
18,15.7,3.7,8.6,22.6,81.3%,1.4,3.6,10.1,12.7,7.2,1.2,7.0,2.6,0.8,乔尔-恩比德,31.8%,30.4,18,45.9%,3.2,2.8,PHI
20,15.7,4.3,3.9,18.1,78.2%,0.5,1.8,4.2,5.0,6.8,1.5,3.1,0.8,1.0,谢伊-吉尔杰斯-亚历山大,34.1%,34.5,20,43.5%,2.3,3.1,OKC
19,15.8,5.2,3.1,18.5,89.7%,0.4,1.8,3.7,4.5,7.0,1.7,2.7,0.8,1.6,贾马尔-穆雷,33.7%,32.7,19,44.2%,2.4,4.8,DEN
1,16.0,0.0,4.0,14.0,50.0%,1.0,1.0,6.0,10.0,6.0,0.0,2.0,4.0,1.0,马文-巴格利,"",28.0,1,37.5%,1.0,0.0,SAC
22,16.0,4.9,6.9,21.1,84.8%,0.1,1.5,2.9,3.4,6.8,1.8,5.8,0.5,0.6,路易斯-威廉姆斯,36.1%,31.4,3,42.3%,3.2,6.3,LAC
21,16.0,6.0,6.2,20.8,86.3%,0.5,3.5,2.7,2.9,6.8,1.9,5.4,0.2,0.9,斯宾瑟-丁维迪,31.5%,29.4,10,42.4%,2.7,5.8,BKN
22,16.3,0.4,6.0,21.7,81.7%,0.5,2.9,5.0,5.5,8.4,0.1,4.9,0.5,0.9,德玛尔-德罗赞,22.2%,33.9,22,51.4%,2.5,4.7,SAS
4,16.5,9.3,4.5,20.3,100.0%,0.5,2.5,4.0,5.0,6.8,2.3,4.5,1.0,1.3,斯蒂芬-库里,24.3%,28.0,4,40.9%,3.8,6.5,GSW
11,16.6,9.5,5.0,23.5,92.7%,0.4,2.2,5.5,6.1,7.5,4.0,4.6,0.5,1.3,保罗-乔治,42.3%,29.4,11,44.8%,3.5,3.5,LAC
19,17.3,8.9,4.7,21.9,91.1%,0.5,1.7,3.5,4.6,7.1,3.5,4.3,1.1,0.9,肯巴-沃克,39.6%,32.2,19,40.9%,2.1,5.1,BOS
21,17.4,5.7,5.3,25.0,94.6%,0.3,3.1,3.3,3.9,8.8,2.3,5.0,0.6,0.6,德文-布克,41.2%,35.5,21,50.7%,4.1,6.3,PHO
20,17.5,5.4,2.9,19.5,71.9%,0.8,2.6,3.8,5.1,7.8,1.9,2.1,1.3,2.1,朱-霍勒迪,34.6%,36.4,20,44.7%,3.4,6.9,NOH
18,17.6,8.7,5.7,25.9,80.4%,1.4,3.3,9.7,12.4,8.8,3.7,4.6,2.7,1.1,卡尔-安东尼-唐斯,42.7%,33.4,18,50.3%,3.2,4.3,MIN
22,17.7,7.2,5.0,22.5,81.1%,0.5,2.5,3.3,4.1,7.7,3.0,4.1,0.8,1.2,扎克-拉文,41.5%,32.3,22,43.7%,3.2,3.9,CHI
20,18.1,10.5,2.7,20.9,84.9%,0.4,2.6,3.9,4.8,7.5,3.8,2.3,0.9,0.9,巴迪-希尔德,35.9%,34.1,20,41.2%,2.7,2.7,SAC
18,18.3,5.4,5.8,25.2,83.8%,0.9,3.0,6.4,7.2,9.0,2.3,4.9,0.8,0.8,布兰顿-英格拉姆,42.3%,34.0,18,49.2%,2.9,4.1,NOH
11,18.3,7.9,5.5,23.7,76.7%,0.5,1.7,3.3,3.5,8.4,2.8,4.2,0.2,0.7,德安吉洛-拉塞尔,35.6%,30.8,11,45.8%,3.2,6.3,GSW
21,18.5,3.2,8.0,26.0,86.2%,2.7,2.4,6.6,9.1,9.0,1.1,6.9,2.5,1.4,安东尼-戴维斯,34.3%,34.2,21,49.0%,2.3,3.2,LAL
20,18.5,8.9,7.5,26.6,91.3%,0.5,2.1,4.1,4.6,8.3,3.3,6.9,0.6,1.1,达米安-利拉德,36.7%,36.7,20,44.7%,2.8,7.4,POR
20,18.7,6.8,4.3,21.0,82.4%,0.7,2.4,5.7,7.0,7.6,2.4,3.5,1.4,1.5,杰森-塔特姆,34.8%,34.6,20,40.5%,2.2,2.8,BOS
22,19.7,5.7,5.5,25.4,70.0%,0.5,1.7,6.0,6.9,9.8,1.9,3.8,0.9,1.4,勒布朗-詹姆斯,33.3%,34.7,22,49.8%,3.7,10.8,LAL
1,2.0,0.0,0.0,2.0,"",0.0,0.0,0.0,1.0,1.0,0.0,0.0,1.0,0.0,杰伦-麦克丹尼尔斯,"",3.0,0,50.0%,0.0,0.0,CHA
3,2.0,0.0,0.7,1.7,50.0%,0.0,0.0,0.7,1.0,0.7,0.0,0.3,0.3,0.7,约什-马格特,"",3.7,0,33.3%,1.0,0.7,ORL
6,2.0,0.0,0.7,2.7,50.0%,0.3,0.0,0.7,1.8,1.2,0.0,0.3,1.2,0.0,奇梅齐耶-梅图,"",3.5,0,58.3%,0.0,0.3,SAS
10,2.0,0.3,1.3,3.1,69.2%,0.4,0.7,2.3,3.3,1.1,0.0,0.9,1.0,0.0,乔丹-贝尔,0.0%,8.1,0,55.0%,1.3,0.6,MIN
2,2.0,0.5,0.0,1.0,"",0.0,1.5,1.5,1.5,0.5,0.0,0.0,0.0,0.0,Zylan Cheatham,0.0%,10.0,0,25.0%,0.5,0.5,NOH
2,2.0,0.5,0.0,2.0,"",0.5,1.0,0.5,0.5,1.0,0.0,0.0,0.0,0.0,Shamorie Ponds,0.0%,4.0,0,50.0%,0.0,1.0,TOR
2,2.0,1.0,1.0,2.0,50.0%,0.0,0.5,0.0,0.0,0.5,0.5,0.5,0.0,0.0,弗兰克-梅森,50.0%,5.0,0,25.0%,0.0,1.0,MIL
2,2.0,1.0,2.0,2.5,75.0%,0.0,0.5,0.5,0.5,0.5,0.0,1.5,0.0,0.0,Devon Hall,0.0%,7.5,0,25.0%,0.5,1.0,OKC
4,2.0,1.3,0.0,3.0,"",0.0,0.3,1.3,1.3,1.0,1.0,0.0,0.0,0.3,莱恩-布鲁克霍夫,80.0%,6.3,0,50.0%,0.3,0.8,DAL
2,2.0,1.5,0.5,1.5,100.0%,0.0,0.5,0.5,0.5,0.5,0.0,0.5,0.0,0.0,杰伦-诺埃尔,0.0%,7.5,0,25.0%,0.5,1.5,MIN
7,2.1,0.1,1.6,4.4,81.8%,0.6,2.1,2.4,3.6,1.6,0.0,1.3,1.1,0.3,以赛亚-哈尔滕施泰因,0.0%,13.4,0,73.3%,0.9,0.6,HOU
17,2.1,0.5,0.5,2.6,87.5%,0.1,1.1,1.1,1.2,1.1,0.1,0.4,0.2,0.3,特兰斯-曼,22.2%,8.5,3,50.0%,0.6,1.2,LAC
13,2.1,0.8,0.9,3.4,58.3%,0.7,1.5,1.7,2.1,1.2,0.4,0.5,0.4,0.4,大卫-恩瓦巴,45.5%,11.6,0,59.3%,0.5,0.4,BKN
19,2.2,0.1,1.5,4.0,71.4%,0.7,2.8,2.2,4.1,1.5,0.0,1.1,1.9,0.3,克里斯-席尔瓦,0.0%,10.1,0,68.3%,1.3,0.6,MIA
14,2.2,0.7,0.4,2.8,40.0%,0.0,0.8,0.8,1.0,1.2,0.2,0.1,0.2,0.3,哈维特-格林,30.0%,6.4,0,54.8%,0.2,0.3,BOS
20,2.2,0.7,1.6,3.5,51.6%,0.7,1.4,1.3,1.8,1.2,0.4,0.8,0.5,0.3,索恩-马克,50.0%,11.1,0,53.5%,0.5,0.5,DET
9,2.3,0.6,1.3,3.0,41.7%,0.6,1.1,1.6,2.4,1.2,0.0,0.6,0.9,0.1,尼古拉斯-克拉克斯顿,0.0%,13.2,0,52.4%,0.7,1.2,BKN
10,2.3,0.7,0.6,2.3,33.3%,0.0,1.6,1.7,2.2,0.9,0.3,0.2,0.5,0.5,罗季翁斯-库鲁茨,42.9%,9.8,0,39.1%,1.2,0.1,BKN
7,2.3,1.1,1.3,2.3,55.6%,0.3,0.9,0.6,1.1,0.7,0.1,0.7,0.6,0.3,韦尼恩-加布里埃尔,12.5%,6.9,0,31.3%,0.4,0.4,SAC
11,2.3,1.1,1.3,2.5,71.4%,0.2,1.5,2.0,2.6,0.6,0.3,0.9,0.6,0.2,德马雷-卡罗尔,25.0%,10.9,0,28.0%,0.8,0.9,SAS
13,2.4,0.0,1.6,4.2,47.6%,0.8,1.4,0.8,1.8,1.7,0.0,0.8,0.9,0.0,丹尼尔-加福德,"",10.5,0,71.0%,0.1,0.1,CHI
20,2.4,1.4,0.5,2.9,70.0%,0.1,1.1,1.5,1.8,1.0,0.5,0.4,0.4,0.3,谢米-奥杰莱,37.0%,13.7,1,42.6%,0.3,0.4,BOS
18,2.4,1.5,0.0,2.0,"",0.2,1.1,1.7,2.3,0.8,0.4,0.0,0.6,0.4,萨波-索夫洛萨,29.6%,10.5,0,32.6%,0.3,0.8,HOU
4,2.5,0.0,0.3,2.8,100.0%,0.3,1.0,2.0,3.3,1.3,0.0,0.3,1.3,0.0,德鲁·尤班克斯,"",7.8,0,50.0%,1.0,0.5,SAS
4,2.5,0.0,1.0,3.5,50.0%,0.0,0.8,0.0,0.8,1.5,0.0,0.5,0.8,0.0,萨纳西斯-阿德托昆博,"",6.0,0,60.0%,0.5,1.0,MIL
13,2.5,0.9,0.5,3.3,33.3%,0.5,1.4,2.3,3.3,1.4,0.4,0.2,1.0,0.2,凯尔-奥奎因,41.7%,9.2,0,54.5%,0.9,1.3,PHI
2,2.5,1.0,3.0,2.5,16.7%,1.5,0.5,1.5,2.5,1.0,0.0,0.5,1.0,1.5,约翰-汉森,0.0%,11.0,0,40.0%,1.0,1.0,CLE
2,2.5,1.5,1.0,4.0,50.0%,0.0,1.5,2.0,3.0,1.5,0.5,0.5,1.0,1.5,帕特里克-麦考,33.3%,20.0,0,60.0%,1.5,1.5,TOR
16,2.6,1.1,1.4,2.9,68.2%,0.1,1.2,1.8,2.3,0.9,0.1,0.9,0.5,0.8,科迪-马丁,5.6%,11.8,0,35.7%,0.4,1.2,CHA
18,2.7,0.0,0.8,4.1,57.1%,1.2,1.8,3.4,4.7,1.8,0.0,0.4,1.3,0.9,罗伯特-威廉姆斯,"",14.3,1,68.8%,0.9,1.2,BOS
3,2.7,1.3,0.3,5.0,100.0%,0.7,2.0,0.7,0.7,2.0,0.7,0.3,0.0,0.0,德拉甘·本德尔,50.0%,9.7,0,75.0%,0.3,1.0,MIL
19,2.8,1.2,0.9,2.2,82.4%,0.6,1.9,1.6,2.3,0.7,0.0,0.7,0.7,0.5,格兰特-威廉姆斯,0.0%,15.0,1,25.9%,0.8,0.9,BOS
14,2.8,1.3,0.6,3.1,66.7%,0.2,1.3,1.7,2.1,1.1,0.5,0.4,0.4,0.4,阿方索-麦金尼,38.9%,10.9,0,38.5%,0.4,0.2,CLE
12,2.8,1.4,0.3,2.8,75.0%,0.1,0.9,1.5,1.8,1.1,0.4,0.3,0.3,0.1,德翁特-伯顿,29.4%,8.4,0,39.4%,0.3,0.3,OKC
7,2.9,0.7,1.1,3.4,50.0%,0.4,0.6,1.7,3.0,1.3,0.3,0.6,1.3,0.1,吉列尔莫-埃尔南戈麦斯,40.0%,8.1,0,45.0%,0.7,0.3,CHA
14,2.9,1.4,0.6,2.6,44.4%,0.8,1.9,1.9,2.5,1.0,0.3,0.3,0.6,0.4,托瑞-克雷格,20.0%,13.8,2,34.1%,0.4,1.1,DEN
22,20.0,6.8,2.0,22.4,82.2%,1.0,2.8,3.7,4.5,9.0,2.6,1.7,0.8,0.7,C.J.迈克鲁姆,38.7%,36.5,22,45.2%,2.0,3.8,POR
19,20.1,5.4,6.2,21.7,73.7%,0.3,3.9,6.5,8.1,8.0,1.2,4.6,1.6,1.6,拉塞尔-威斯布鲁克,21.6%,34.1,19,39.9%,4.5,7.3,HOU
21,20.2,6.3,4.8,25.0,82.0%,0.7,2.9,7.0,8.6,9.4,2.4,3.9,1.6,0.9,帕斯卡尔-西亚卡姆,37.6%,36.9,21,46.4%,2.9,3.8,TOR
22,20.3,5.0,11.0,31.0,59.1%,1.4,3.2,10.6,13.2,11.5,1.6,6.5,2.6,1.4,扬尼斯-阿德托昆博,31.8%,31.6,22,56.5%,3.9,5.5,MIL
21,20.3,9.5,9.5,30.3,81.5%,0.1,2.4,8.7,10.1,9.7,3.1,7.8,1.5,1.3,卢卡-东契奇,32.7%,33.8,21,47.9%,4.7,9.2,DAL
16,20.5,5.2,6.4,25.0,84.3%,0.8,2.1,6.8,7.9,9.0,1.6,5.4,1.1,1.9,科怀-伦纳德,31.3%,31.2,16,43.9%,3.3,5.3,LAC
21,20.5,8.7,7.4,28.7,85.3%,0.0,1.2,3.5,4.0,9.5,3.4,6.3,0.5,1.3,特雷-杨,39.3%,34.6,21,46.3%,5.0,8.4,ATL
22,20.6,6.2,5.3,24.7,82.9%,0.3,2.3,3.8,4.7,9.0,2.3,4.4,0.9,1.4,多诺万-米切尔,37.2%,34.6,22,43.6%,2.1,3.6,UTA
17,20.6,6.6,5.6,24.9,71.6%,1.3,2.4,4.1,5.4,9.3,2.3,4.0,1.3,0.6,安德鲁-威金斯,34.5%,34.7,17,45.0%,1.9,3.4,MIN
11,22.9,8.3,5.7,28.5,93.7%,0.5,2.9,4.5,5.4,10.2,2.8,5.4,0.9,1.1,凯里-欧文,34.1%,33.8,11,44.4%,2.4,7.2,BKN
21,24.1,13.8,14.5,38.7,87.8%,0.5,3.2,5.2,6.1,10.6,4.8,12.7,0.9,2.0,詹姆斯-哈登,34.8%,37.5,21,43.9%,5.0,7.5,HOU
3,3.0,1.0,1.0,1.7,33.3%,0.7,0.7,1.3,1.3,0.7,0.0,0.3,0.0,0.3,凯莱布-马丁,0.0%,8.3,0,22.2%,1.0,1.0,CHA
6,3.0,1.5,0.7,3.3,50.0%,0.3,0.8,1.5,1.8,1.3,0.3,0.3,0.3,0.5,詹姆斯-约翰逊,22.2%,11.3,0,44.4%,0.7,0.7,MIA
18,3.0,1.8,0.7,2.4,92.3%,0.1,1.5,1.1,1.3,0.8,0.2,0.7,0.2,0.4,马修-德拉维多瓦,9.4%,13.2,0,25.9%,0.8,2.1,CLE
11,3.0,2.1,0.0,3.7,"",0.2,0.6,0.8,1.1,1.4,1.0,0.0,0.3,0.2,小加里-特伦特,47.8%,8.4,1,45.5%,0.2,0.5,POR
14,3.1,0.7,1.4,4.1,84.2%,0.2,1.4,2.4,3.6,1.4,0.1,1.1,1.2,0.3,诺阿-冯莱,10.0%,12.6,1,46.5%,0.9,1.1,MIN
14,3.1,1.1,1.2,2.9,64.7%,0.1,1.4,1.4,1.6,1.0,0.1,0.8,0.2,0.5,蒂龙-华莱士,6.7%,11.5,0,31.8%,0.7,0.9,ATL
12,3.1,2.2,0.4,4.8,60.0%,0.0,1.0,1.0,1.1,1.7,1.2,0.3,0.1,0.3,马特-托马斯,53.8%,11.3,0,54.1%,0.3,0.3,TOR
7,3.1,2.6,0.0,3.0,"",0.1,1.1,1.6,2.4,1.1,0.7,0.0,0.9,0.1,加里-克拉克,27.8%,10.0,0,36.4%,0.1,0.7,HOU
22,3.2,0.6,1.0,4.3,59.1%,0.4,1.6,1.6,2.8,1.8,0.2,0.6,1.2,0.2,布鲁诺-费尔南多,28.6%,12.3,0,54.9%,1.0,1.1,ATL
11,3.2,0.8,1.6,3.3,83.3%,0.3,0.8,1.6,2.0,0.9,0.1,1.4,0.4,0.5,韦斯利-艾旺杜,11.1%,14.7,3,28.6%,0.4,0.8,ORL
13,3.2,1.1,1.1,2.5,78.6%,0.1,1.4,0.7,1.0,0.7,0.2,0.8,0.3,0.6,蒂姆-弗雷泽,21.4%,10.7,4,21.4%,0.9,2.9,DET
6,3.2,1.2,0.7,2.3,75.0%,0.2,0.3,0.3,0.7,0.8,0.2,0.5,0.3,0.0,伊格纳斯-布拉兹代基斯,14.3%,7.0,0,26.3%,0.3,0.2,NYK
15,3.3,0.1,1.1,6.3,88.2%,0.3,1.1,2.2,2.9,2.6,0.1,1.0,0.7,0.1,谢赫-迪亚洛,100.0%,10.3,0,79.6%,0.5,0.5,PHO
12,3.3,0.1,2.1,4.3,48.0%,0.6,2.8,3.8,5.8,1.7,0.0,1.0,2.0,0.5,肯-伯奇,0.0%,21.6,7,51.3%,0.6,1.0,ORL
12,3.3,2.4,0.4,3.6,100.0%,0.6,1.6,3.3,4.3,1.3,0.7,0.4,1.0,0.8,尼古拉斯-巴通姆,27.6%,21.8,0,38.5%,1.5,3.2,CHA
7,3.4,0.7,1.1,4.7,75.0%,0.1,2.0,1.3,1.9,1.9,0.1,0.9,0.6,0.6,小德里克-琼斯,20.0%,11.3,0,54.2%,0.6,0.6,MIA
5,3.4,1.4,0.0,4.8,"",0.4,1.0,0.4,0.4,2.0,0.8,0.0,0.0,0.0,考特尼-李,57.1%,9.4,3,58.8%,0.0,0.6,DAL
6,3.5,0.0,0.8,4.3,80.0%,0.2,1.3,1.8,2.7,1.8,0.0,0.7,0.8,0.2,安特-日日奇,"",11.8,0,52.4%,0.2,0.0,CLE
11,3.5,1.2,0.7,3.9,62.5%,0.3,1.3,1.6,2.4,1.5,0.4,0.5,0.7,0.0,迈克尔-波特,30.8%,8.6,0,44.7%,0.7,0.5,DEN
19,3.5,1.3,0.2,4.3,75.0%,0.1,0.6,0.9,1.1,1.7,0.6,0.2,0.2,0.4,劳尔-内图,48.0%,11.7,2,49.3%,0.9,1.4,PHI
15,3.5,1.7,1.3,4.2,57.9%,0.0,0.5,0.9,1.0,1.4,0.7,0.7,0.1,0.3,埃利-奥科博,40.0%,9.9,0,40.4%,0.3,2.5,PHO
21,3.5,1.9,0.8,4.2,70.6%,0.7,2.4,0.9,1.0,1.4,0.8,0.6,0.2,1.5,马蒂斯-赛布尔,42.5%,16.4,3,41.1%,1.0,1.2,PHI
2,3.5,2.5,0.0,2.5,"",0.0,0.5,3.5,3.5,1.0,0.5,0.0,0.0,0.5,莱恩-安德森,20.0%,7.0,0,28.6%,0.5,1.0,HOU
7,3.6,0.0,0.3,3.4,100.0%,0.4,1.9,0.6,1.0,1.6,0.0,0.3,0.4,0.3,哈里-吉尔斯三世,"",7.3,0,44.0%,0.7,0.7,SAC
12,3.6,0.8,1.2,3.8,57.1%,0.3,1.2,1.8,2.3,1.4,0.3,0.7,0.4,0.4,沙奎尔-哈里森,33.3%,9.8,4,39.5%,0.4,1.4,CHI
8,3.6,2.1,0.9,3.8,85.7%,0.0,1.6,0.8,0.9,1.3,0.5,0.8,0.1,0.1,谢克-米尔顿,23.5%,8.9,0,34.5%,1.5,0.5,PHI
22,3.6,2.2,0.9,4.5,75.0%,0.1,2.0,1.2,1.7,1.4,1.0,0.7,0.5,0.5,瑞安-阿西迪亚科诺,42.9%,16.7,0,38.8%,0.7,1.8,CHI
16,3.6,2.9,0.7,3.5,81.8%,0.4,1.3,2.6,3.2,1.1,0.8,0.6,0.6,0.2,安东尼-托利弗,28.3%,16.9,7,29.3%,0.6,0.7,POR
15,3.7,0.8,1.3,4.7,73.7%,1.2,2.1,2.3,3.3,1.7,0.3,0.9,1.0,0.1,戈加-比塔泽,33.3%,13.4,2,47.3%,0.6,0.9,IND
15,3.7,2.3,0.3,4.1,100.0%,0.3,1.6,1.6,1.8,1.5,0.9,0.3,0.2,0.9,杰文-卡特,41.2%,15.0,2,40.0%,0.9,1.9,PHO
12,3.7,2.3,0.6,4.2,42.9%,0.3,0.8,1.9,2.5,1.5,0.9,0.3,0.6,0.1,胡安-埃尔南戈麦斯,39.3%,13.8,0,40.9%,0.7,0.9,DEN
22,3.8,0.1,2.8,7.0,49.2%,1.5,3.7,4.9,7.0,2.8,0.0,1.4,2.1,0.4,德怀特-霍华德,50.0%,19.7,0,74.7%,1.0,0.8,LAL
15,3.8,0.9,0.9,4.2,38.5%,0.1,0.7,0.9,1.1,1.7,0.4,0.3,0.3,0.3,朗尼-沃克,42.9%,7.6,0,45.6%,0.3,0.4,SAS
20,3.8,1.9,0.8,4.3,56.3%,0.5,0.9,3.2,3.5,1.6,0.7,0.5,0.4,0.3,达柳斯-巴兹利,36.8%,16.9,0,41.3%,0.8,0.6,OKC
4,3.8,2.0,0.5,2.8,100.0%,0.0,1.0,1.5,1.8,1.0,0.3,0.5,0.3,0.3,乔丹-麦克劳林,12.5%,14.5,0,26.7%,1.0,2.0,MIN
22,3.8,2.1,0.4,4.5,55.6%,0.3,1.2,4.8,6.2,1.7,0.8,0.2,1.4,0.3,特雷-莱尔斯,39.1%,17.4,14,45.2%,0.8,1.3,SAS
15,3.9,0.7,0.5,4.1,62.5%,0.2,0.9,2.4,3.7,1.7,0.3,0.3,1.3,0.5,TJ-利夫,45.5%,10.5,1,44.8%,0.4,0.4,IND
15,3.9,3.1,0.3,4.6,75.0%,0.1,0.9,0.5,0.7,1.6,1.2,0.2,0.1,0.1,克里斯-克莱蒙斯,39.1%,8.8,0,41.4%,0.4,0.4,HOU
1,4.0,0.0,0.0,4.0,"",0.0,2.0,3.0,3.0,2.0,0.0,0.0,0.0,0.0,塔科-法尔,"",4.0,0,50.0%,1.0,0.0,BOS
11,4.0,1.3,0.5,3.6,16.7%,0.5,1.0,1.6,1.8,1.6,0.3,0.1,0.2,0.4,贾斯廷-詹姆斯,21.4%,12.8,0,40.9%,0.5,0.8,SAC
22,4.0,1.6,0.8,5.1,58.8%,0.6,1.8,1.7,2.8,2.0,0.6,0.5,1.0,0.2,罗宾-洛佩斯,36.1%,14.6,2,50.6%,1.3,0.6,MIL
17,4.0,1.9,0.5,3.8,62.5%,0.4,1.4,1.5,1.6,1.4,0.6,0.3,0.1,0.3,杰罗姆-罗宾逊,34.4%,12.0,0,35.3%,0.7,1.0,LAC
11,4.0,2.2,0.5,3.6,100.0%,0.8,1.1,1.4,1.8,1.4,0.5,0.5,0.5,0.2,卢克-科内特,20.8%,11.5,0,34.1%,0.3,0.5,CHI
15,4.0,2.3,0.5,4.0,37.5%,0.2,1.7,1.7,2.4,1.5,0.7,0.2,0.7,0.3,兰德尼-麦格鲁德,31.4%,17.3,2,38.3%,0.5,0.8,LAC
3,4.0,2.7,1.3,6.0,100.0%,0.0,0.7,1.3,1.7,1.7,1.3,1.3,0.3,0.0,雅各布·埃文斯,50.0%,14.3,0,41.7%,0.3,0.7,GSW
13,4.0,3.0,0.6,3.6,87.5%,0.2,1.5,2.1,2.5,1.2,0.8,0.5,0.5,0.2,马克-穆斯卡拉,25.6%,11.6,0,28.8%,0.4,1.1,OKC
3,4.0,3.3,0.0,3.7,"",0.0,1.0,1.0,1.3,1.3,1.0,0.0,0.3,1.3,钱德勒-帕森斯,30.0%,11.3,0,33.3%,0.3,0.7,ATL
14,4.1,0.3,1.0,4.1,85.7%,0.6,1.1,1.6,2.1,1.6,0.0,0.9,0.5,0.6,埃文-特纳,0.0%,14.0,0,39.7%,1.4,2.3,ATL
13,4.1,1.5,0.2,3.6,66.7%,0.8,1.2,1.5,2.5,1.6,0.2,0.2,1.0,0.5,布鲁诺-卡波科洛,15.8%,11.0,0,39.6%,0.5,0.6,MEM
15,4.1,1.7,1.2,4.4,61.1%,0.3,2.0,2.6,3.7,1.7,0.3,0.7,1.1,0.5,纳西尔-利特尔,19.2%,15.8,3,40.3%,0.6,0.5,POR
16,4.2,1.4,1.3,5.3,85.0%,0.1,0.9,1.3,1.5,1.9,0.5,1.1,0.3,0.4,约吉-费雷尔,34.8%,13.1,0,44.8%,0.8,1.7,SAC
21,4.2,1.9,0.4,6.1,50.0%,0.4,2.2,4.1,4.4,2.5,1.0,0.2,0.3,0.3,梅耶斯-伦纳德,53.8%,18.9,21,59.1%,0.9,0.9,MIA
11,4.2,2.5,2.5,7.5,82.1%,0.3,2.0,1.5,1.5,2.2,1.1,2.1,0.1,0.2,Allonzo Trier,44.4%,12.9,1,52.2%,1.5,1.3,NYK
3,4.3,1.0,0.7,3.7,100.0%,0.0,1.3,2.0,2.0,1.3,0.3,0.7,0.0,2.3,Ty Jerome,33.3%,13.0,0,30.8%,1.7,4.0,PHO
16,4.3,1.5,1.0,5.1,75.0%,1.1,1.4,3.3,4.3,1.9,0.5,0.8,0.9,0.7,戈尔吉-吉昂,33.3%,12.6,2,44.9%,0.6,1.2,MIN
22,4.3,2.6,0.6,5.7,85.7%,0.3,3.0,4.6,4.7,2.0,1.1,0.5,0.1,0.7,罗伊斯-奥尼尔,43.1%,28.5,20,46.8%,1.0,2.6,UTA
18,4.3,2.6,0.7,4.1,84.6%,0.1,1.1,1.5,1.8,1.3,0.8,0.6,0.3,0.4,卡森-爱德华兹,31.9%,11.7,0,30.8%,0.5,0.9,BOS
10,4.3,2.8,0.1,5.5,100.0%,0.1,1.0,2.0,2.4,2.2,1.0,0.1,0.4,0.0,D.J.威尔森,35.7%,11.9,0,51.2%,0.5,0.9,MIL
8,4.3,2.9,0.0,4.6,"",0.1,1.0,1.9,2.1,1.8,1.1,0.0,0.3,0.4,丹泽尔-瓦伦蒂内,39.1%,9.0,0,41.2%,0.3,0.8,CHI
13,4.3,3.2,0.7,4.5,77.8%,0.2,1.6,3.1,3.5,1.5,1.1,0.5,0.4,0.8,特雷沃-阿里扎,33.3%,21.1,0,33.9%,0.8,0.8,SAC
20,4.3,3.3,0.5,5.3,60.0%,0.1,0.8,2.2,2.9,1.8,1.5,0.3,0.7,0.2,帕特里克-帕特森,43.9%,14.2,11,41.2%,0.4,0.8,LAC
22,4.4,0.0,1.3,5.7,55.2%,1.3,1.9,3.9,6.1,2.5,0.0,0.7,2.3,0.6,雅各布-珀尔特尔,"",19.0,7,57.3%,0.9,1.5,SAS
21,4.5,0.2,2.0,8.0,67.4%,0.8,3.4,2.3,4.0,3.2,0.1,1.4,1.6,0.5,达米安-琼斯,40.0%,18.9,13,71.6%,0.7,0.8,ATL
22,4.5,1.4,1.0,5.5,50.0%,0.8,3.0,2.1,3.0,2.2,0.5,0.5,0.9,1.0,莫里斯-哈克利斯,36.7%,22.1,12,50.0%,0.9,1.1,LAC
19,4.5,1.5,1.2,4.8,82.6%,0.1,2.2,3.9,4.5,1.6,0.5,1.0,0.6,0.6,马里奥-赫佐尼亚,34.5%,17.8,4,36.0%,0.9,1.1,POR
18,4.5,1.6,1.6,5.6,69.0%,0.8,1.4,2.3,4.4,2.0,0.4,1.1,2.1,0.4,克里斯-布歇,28.6%,12.2,0,44.4%,0.4,0.6,TOR
20,4.5,2.5,0.8,5.6,75.0%,0.6,1.0,3.6,4.1,2.1,0.8,0.6,0.5,0.3,帕特-康诺顿,32.0%,18.0,0,47.2%,0.6,1.9,MIL
18,4.5,3.8,0.3,4.3,66.7%,0.1,1.1,1.6,1.6,1.4,1.2,0.2,0.1,0.3,韦恩-艾灵顿,30.4%,14.2,1,32.1%,0.7,0.9,NYK
9,4.6,1.1,0.8,5.6,28.6%,0.7,2.6,1.9,2.7,2.6,0.2,0.2,0.8,0.6,雅卡尔-桑普森,20.0%,18.4,7,56.1%,0.7,0.4,IND
20,4.6,2.1,0.6,5.1,66.7%,0.4,1.6,1.9,2.0,2.0,0.7,0.4,0.2,1.1,亚历克斯-卡鲁索,31.0%,20.0,0,43.5%,1.1,1.9,LAL
17,4.6,3.4,0.4,5.7,83.3%,0.1,1.2,1.0,1.2,1.9,1.5,0.3,0.2,0.4,斯维亚托斯拉夫-米凯卢克,44.8%,17.6,1,42.3%,0.9,1.4,DET
19,4.7,0.0,2.1,7.6,77.5%,1.7,2.9,3.5,4.7,3.0,0.0,1.6,1.3,1.0,诺伦斯-诺尔,"",18.7,3,64.0%,1.2,1.4,OKC
18,4.7,0.0,2.1,7.8,63.2%,1.1,2.1,7.0,9.2,3.2,0.0,1.3,2.2,0.4,德安德鲁-乔丹,"",21.3,3,68.2%,1.1,2.0,BKN
22,4.7,0.3,1.0,6.1,68.2%,1.0,2.7,3.1,5.1,2.7,0.1,0.7,2.0,0.3,斯卡尔-拉比西埃,28.6%,16.8,0,57.3%,1.0,1.1,POR
20,4.7,0.5,0.8,5.5,60.0%,0.3,2.3,2.5,4.4,2.5,0.1,0.5,2.0,0.7,泰-吉布森,22.2%,16.5,14,52.1%,0.7,1.1,NYK
11,4.7,1.7,2.1,4.7,82.6%,0.5,1.5,1.9,3.0,1.4,0.3,1.7,1.1,0.7,迈克尔-卡特-威廉姆斯,15.8%,14.6,0,28.8%,1.0,1.6,ORL
7,4.7,3.7,0.6,4.7,50.0%,0.0,1.1,0.9,1.0,1.6,1.3,0.3,0.1,0.6,布兰登-奈特,34.6%,11.1,0,33.3%,0.9,1.9,CLE
19,4.8,0.2,2.6,7.3,53.1%,0.8,2.8,4.1,5.9,2.9,0.0,1.4,1.8,0.7,梅森-普拉姆利,0.0%,16.7,0,60.9%,1.6,2.4,DEN
18,4.8,2.0,1.6,4.3,65.5%,0.4,1.5,3.6,4.9,1.4,0.5,1.1,1.3,1.0,艾尔-法鲁克-阿米奴,25.0%,21.2,2,29.1%,0.9,1.2,ORL
13,4.8,2.5,1.4,6.8,77.8%,0.3,1.1,1.5,1.8,2.4,1.0,1.1,0.3,0.2,阿卜杜勒-纳迪尔,40.6%,14.2,0,49.2%,1.1,0.6,OKC
20,4.8,3.0,1.1,5.6,42.9%,0.8,2.7,4.2,5.9,2.1,1.1,0.5,1.7,0.9,肯里奇-威廉姆斯,35.0%,24.6,11,42.7%,0.8,1.8,NOH
20,4.8,3.3,1.1,6.0,77.3%,0.2,1.9,2.2,2.9,2.0,1.1,0.9,0.7,0.7,尼科勒-梅利,33.3%,16.4,3,41.7%,0.8,1.2,NOH
19,4.8,3.4,0.5,5.7,77.8%,0.3,3.0,1.4,1.9,2.1,1.2,0.4,0.6,0.5,特伦斯-弗格森,35.4%,26.2,19,42.4%,0.7,1.0,OKC
13,4.9,0.1,2.5,7.3,63.6%,0.5,1.1,3.4,6.1,2.8,0.0,1.6,2.7,0.7,埃内斯-坎特,0.0%,15.6,3,57.8%,0.8,1.0,BOS
9,4.9,1.3,3.2,7.1,65.5%,0.2,1.3,3.6,3.7,2.2,0.6,2.1,0.1,0.6,钱德勒-哈奇森,41.7%,17.0,6,45.5%,1.3,0.9,CHI
10,4.9,1.5,1.3,5.4,84.6%,0.2,1.4,2.2,2.9,1.9,0.5,1.1,0.7,1.1,德安东尼-梅尔顿,33.3%,13.4,0,38.8%,1.3,2.8,MEM
22,4.9,2.1,1.8,7.2,77.5%,0.3,2.0,2.2,3.4,2.5,0.9,1.4,1.2,0.5,詹姆斯-恩尼斯,42.6%,17.2,0,50.5%,0.7,0.8,PHI
15,4.9,2.7,0.9,5.8,76.9%,0.1,1.4,4.3,5.0,2.1,1.0,0.7,0.7,0.5,斯特林-布朗,37.5%,17.1,0,41.9%,1.0,1.5,MIL
17,4.9,3.6,0.2,4.9,75.0%,0.1,0.6,1.2,1.5,1.8,1.2,0.2,0.2,0.4,特洛伊-丹尼尔斯,32.8%,14.7,0,36.1%,0.3,0.4,LAL
3,5.0,0.3,1.0,4.0,33.3%,0.7,2.3,2.0,4.7,1.7,0.3,0.3,2.7,0.0,凯文-卢尼,100.0%,12.3,2,33.3%,0.7,0.7,GSW
20,5.0,1.4,2.4,7.6,91.5%,0.2,1.8,1.7,2.1,2.5,0.6,2.2,0.5,0.8,布拉德-沃纳梅克,40.7%,17.5,0,49.0%,1.2,2.9,BOS
2,5.0,1.5,1.0,3.5,100.0%,0.0,1.5,2.5,3.0,1.0,0.5,1.0,0.5,0.0,迈克尔-吉尔克里斯特,33.3%,9.0,0,20.0%,0.5,0.5,CHA
20,5.0,2.4,0.7,5.3,84.6%,0.6,2.6,2.9,4.2,2.1,0.6,0.6,1.3,0.5,德维恩-戴德蒙,23.4%,14.9,4,42.0%,1.5,0.4,SAC
21,5.0,2.8,0.7,6.7,93.3%,0.3,1.9,2.5,3.0,2.4,1.2,0.7,0.6,0.4,特伦斯-戴维斯,42.4%,15.9,0,48.1%,0.7,1.9,TOR
22,5.0,3.1,0.5,5.4,90.9%,0.1,1.6,2.6,3.3,2.0,1.0,0.5,0.7,0.3,迈克-斯科特,31.9%,19.0,0,39.4%,0.5,0.7,PHI
21,5.1,0.0,3.1,7.6,55.4%,0.8,2.0,2.8,4.3,3.0,0.0,1.7,1.6,0.3,俾斯麦-比永博,"",16.8,6,57.4%,0.7,0.9,CHA
18,5.1,0.0,3.2,8.9,61.4%,1.9,3.6,3.7,6.7,3.5,0.0,1.9,2.9,0.7,米切尔-罗宾逊,"",21.0,6,68.5%,0.8,0.6,NYK
18,5.1,1.8,0.3,5.3,80.0%,0.1,0.6,1.1,1.3,2.2,0.7,0.2,0.2,0.3,奎因-库克,36.4%,13.7,0,43.5%,0.8,1.6,LAL
21,5.1,2.5,0.6,5.2,100.0%,0.2,1.0,1.5,2.0,2.0,0.8,0.6,0.5,0.3,马尔科-古杜里克,30.2%,15.0,0,38.0%,1.1,1.5,MEM
16,5.1,2.5,1.8,5.1,75.9%,0.1,0.9,2.2,2.6,1.6,0.4,1.4,0.4,0.4,扎南-穆萨,17.5%,15.9,0,31.7%,1.3,1.3,BKN
20,5.1,2.6,0.6,6.4,81.8%,0.1,1.1,2.1,2.6,2.4,1.2,0.5,0.5,0.2,贾斯汀-杰克逊,44.2%,13.4,0,47.5%,0.2,0.4,DAL
10,5.1,2.9,0.5,4.4,60.0%,0.2,1.7,2.0,2.8,1.7,0.7,0.3,0.8,0.8,伊曼-香珀特,24.1%,18.7,0,33.3%,0.9,0.7,BKN
18,5.1,4.2,0.6,5.9,81.8%,0.2,0.9,1.1,1.4,1.9,1.6,0.5,0.3,0.4,凯尔-科沃尔,38.2%,15.4,0,37.4%,0.8,0.7,MIL
22,5.2,0.0,2.3,8.0,82.0%,1.1,2.5,4.2,6.4,3.1,0.0,1.9,2.2,0.2,伊维察-祖巴茨,0.0%,16.1,20,59.1%,0.9,0.8,LAC
18,5.2,0.7,2.2,8.5,53.8%,0.4,2.7,3.0,4.6,3.5,0.3,1.2,1.6,0.8,德怀特-鲍威尔,46.2%,25.6,15,67.7%,1.0,1.3,DAL
21,5.2,1.7,1.7,6.9,77.8%,0.3,1.8,2.6,3.4,2.5,0.5,1.3,0.8,1.3,米卡尔-布里奇斯,27.8%,20.6,0,48.2%,0.7,1.0,PHO
20,5.2,2.5,1.5,6.8,82.8%,0.3,1.7,3.5,4.7,2.5,0.7,1.2,1.3,0.5,艾森-伊利亚索瓦,28.6%,16.0,0,47.6%,0.3,0.6,MIL
22,5.3,0.0,1.1,7.0,64.0%,1.2,2.1,4.3,6.4,3.1,0.0,0.7,2.0,0.6,贾维尔-麦基,"",16.6,22,59.5%,0.8,0.7,LAL
9,5.3,0.1,1.3,6.7,83.3%,0.1,1.7,2.9,4.3,2.8,0.0,1.1,1.4,0.2,博班-马扬诺维奇,0.0%,12.1,1,52.1%,0.9,0.6,DAL
17,5.3,0.8,1.8,6.5,67.7%,1.6,3.1,5.3,6.9,2.6,0.1,1.2,1.6,0.5,丹尼尔-泰斯,14.3%,22.0,16,48.9%,0.8,1.3,BOS
22,5.3,0.8,2.3,7.1,86.0%,1.0,2.0,3.4,4.7,2.5,0.1,2.0,1.4,0.8,马基斯-克里斯,17.6%,18.0,1,47.0%,1.6,2.0,GSW
19,5.3,1.9,0.4,5.5,50.0%,1.4,2.3,3.9,5.4,2.3,0.7,0.2,1.4,0.3,穆罕默德-班巴,38.9%,15.4,0,43.0%,1.4,0.5,ORL
19,5.3,2.9,0.8,6.4,62.5%,0.1,1.7,2.7,3.3,2.3,1.2,0.5,0.6,0.9,所罗门-希尔,41.1%,19.4,1,43.6%,0.8,1.8,MEM
18,5.3,3.0,0.7,5.9,76.9%,0.2,0.9,1.4,1.6,2.2,0.9,0.6,0.1,0.5,丹伊恩-多特森,31.5%,15.8,0,41.7%,0.6,1.1,NYK
3,5.3,3.7,0.0,4.7,"",0.3,0.3,2.0,2.0,2.0,0.7,0.0,0.0,0.3,纳兹-米特鲁-朗,18.2%,14.3,0,37.5%,0.7,2.3,IND
20,5.4,1.5,2.3,8.9,66.7%,0.9,0.8,3.3,4.5,3.4,0.7,1.5,1.2,0.4,克里斯蒂安-伍德,44.8%,14.9,0,62.0%,0.8,0.6,DET
10,5.4,3.3,0.7,5.3,71.4%,0.2,0.7,2.2,2.7,2.0,0.8,0.5,0.5,0.5,阿伦-克拉布,24.2%,18.9,1,37.0%,0.4,0.9,ATL
17,5.4,3.6,0.5,4.9,75.0%,0.3,1.7,1.8,1.9,1.8,0.9,0.4,0.2,0.4,文斯-卡特,24.6%,14.9,0,34.1%,0.6,0.7,ATL
19,5.5,0.1,2.9,8.7,64.3%,1.2,3.2,2.6,4.6,3.4,0.0,1.9,2.1,0.7,贾克森-海斯,0.0%,20.8,9,62.5%,0.9,0.7,NOH
17,5.5,0.9,1.6,6.7,57.1%,0.7,1.7,3.5,4.4,2.8,0.2,0.9,0.9,0.7,凯尔-安德森,25.0%,20.5,0,50.5%,0.9,2.6,MEM
2,5.5,2.5,0.5,5.0,100.0%,0.0,1.0,2.0,2.5,2.0,0.5,0.5,0.5,0.0,雷吉-杰克逊,20.0%,17.5,2,36.4%,0.5,4.0,DET
8,5.5,3.0,0.0,4.4,"",0.1,2.3,2.9,3.1,1.9,0.6,0.0,0.3,0.1,凯勒-马丁,20.8%,14.5,0,34.1%,0.4,0.3,MIN
23,5.5,3.2,1.2,7.9,89.3%,0.4,1.7,2.5,2.9,2.7,1.3,1.1,0.4,0.7,马文-威廉姆斯,40.5%,20.4,0,50.0%,0.7,1.0,CHA
21,5.7,1.2,2.0,7.3,68.3%,0.8,2.1,3.2,4.5,2.9,0.2,1.3,1.3,0.5,艾利克斯-伦,15.4%,16.8,9,51.3%,1.0,0.9,ATL
9,5.7,3.1,0.9,8.9,62.5%,0.4,1.1,2.3,2.9,3.3,1.7,0.6,0.6,0.4,凯塔-贝茨-迪奥普,53.6%,19.0,0,58.8%,0.6,0.3,MIN
13,5.8,0.2,2.8,9.5,66.7%,1.0,2.8,3.1,4.7,3.8,0.1,1.8,1.6,0.3,贾希尔-奥卡福,50.0%,17.5,6,65.3%,1.5,1.3,NOH
8,5.8,1.6,1.0,5.4,75.0%,0.1,0.6,0.9,1.4,2.0,0.6,0.8,0.5,0.4,特雷-伯克,38.5%,15.8,0,34.8%,0.5,2.9,PHI
8,5.9,4.3,2.5,6.6,85.0%,0.4,0.8,2.1,2.3,1.8,1.0,2.1,0.1,1.3,沙巴兹-内皮尔,23.5%,19.3,0,29.8%,1.6,3.5,MIN
3,6.0,1.0,1.7,7.0,60.0%,0.3,3.0,0.7,1.0,3.0,0.0,1.0,0.3,1.7,埃德蒙-萨姆纳,0.0%,22.3,2,50.0%,0.3,2.0,IND
20,6.0,3.0,1.1,5.2,71.4%,0.0,0.8,1.6,1.7,1.8,0.9,0.8,0.1,0.3,马科-贝里内利,30.5%,16.0,0,29.4%,0.5,1.6,SAS
1,6.0,4.0,0.0,9.0,"",0.0,1.0,0.0,0.0,3.0,3.0,0.0,0.0,1.0,卡迪姆-阿伦,75.0%,16.0,0,50.0%,1.0,2.0,NYK
21,6.1,1.8,1.6,7.9,82.4%,0.3,1.2,2.8,3.6,3.0,0.6,1.3,0.8,1.2,德隆-莱特,35.1%,22.0,2,48.1%,0.7,3.5,DAL
21,6.1,2.0,1.5,7.5,71.0%,0.0,1.2,1.9,2.5,3.0,0.6,1.0,0.6,0.5,贾伦-布伦森,29.3%,16.1,3,48.1%,0.9,2.7,DAL
18,6.1,2.3,3.4,8.4,75.4%,0.4,2.2,3.8,5.4,2.6,0.6,2.6,1.6,1.1,Josh Okogie,26.2%,24.2,3,42.7%,1.5,1.8,MIN
18,6.1,3.0,1.3,6.9,75.0%,0.3,1.6,1.7,1.9,2.4,1.0,1.0,0.3,0.3,泰勒-约翰逊,33.3%,20.1,3,40.0%,1.1,2.3,PHO
20,6.2,0.0,1.2,7.5,69.6%,1.2,2.9,5.1,6.5,3.4,0.0,0.8,1.4,1.2,威利-考利-斯坦恩,"",22.2,19,54.5%,1.0,1.6,GSW
19,6.2,1.4,1.2,7.2,77.3%,0.2,1.5,2.2,2.5,2.9,0.4,0.9,0.3,0.3,伊曼纽尔-穆迪埃,25.9%,15.3,0,47.5%,1.7,2.2,UTA
20,6.2,1.5,0.8,5.6,100.0%,0.6,2.2,2.2,2.8,2.3,0.4,0.8,0.6,0.7,科里-约瑟夫,23.3%,25.1,11,36.6%,1.4,4.2,SAC
21,6.2,3.4,1.1,6.4,79.2%,1.0,3.2,5.7,6.3,2.1,1.2,0.9,0.7,0.6,马克-加索尔,36.6%,28.6,21,34.4%,1.3,3.5,TOR
18,6.2,4.4,0.2,7.9,100.0%,0.1,1.9,1.4,1.7,2.9,1.9,0.2,0.3,0.4,托尼-斯内尔,44.3%,25.6,16,46.4%,0.5,1.6,DET
19,6.3,0.2,0.5,6.7,88.9%,0.2,1.3,2.4,2.8,3.1,0.1,0.4,0.5,0.6,T.J. 麦康诺,25.0%,17.2,0,49.6%,1.5,4.8,IND
15,6.3,2.0,1.5,5.7,56.5%,0.3,2.3,1.1,1.7,2.1,0.6,0.9,0.7,0.4,小丹尼斯-史密斯,30.0%,17.8,1,33.7%,1.6,3.0,NYK
3,6.3,2.3,2.0,9.0,100.0%,0.7,3.7,2.7,4.0,3.0,1.0,2.0,1.3,0.0,扎克-科林斯,42.9%,29.0,3,47.4%,2.0,2.0,POR
20,6.3,3.1,1.7,9.6,82.4%,0.1,1.6,2.0,3.0,3.3,1.6,1.4,1.0,0.7,乔治-希尔,52.5%,21.4,0,52.8%,0.8,3.2,MIL
21,6.3,4.2,1.0,7.7,85.7%,0.3,2.5,5.5,6.9,2.6,1.6,0.9,1.4,0.6,杰迈克尔-格林,38.2%,22.1,0,41.7%,1.0,0.5,LAC
9,6.4,0.2,0.7,8.3,33.3%,0.4,2.3,5.3,8.8,4.0,0.1,0.2,3.4,0.6,德里克-费弗斯,50.0%,21.0,7,62.1%,1.6,2.1,NOH
19,6.4,2.2,1.3,6.6,76.0%,0.2,2.5,2.8,3.2,2.5,0.5,1.0,0.4,0.7,凯文-波特,23.8%,20.5,1,39.3%,1.3,1.8,CLE
20,6.4,2.6,0.9,6.6,76.5%,0.5,2.7,1.7,2.1,2.5,1.0,0.7,0.4,1.4,弗兰克-尼利基纳,36.5%,26.1,16,39.1%,1.2,3.4,NYK
12,6.4,3.1,0.8,5.0,88.9%,0.0,1.4,1.4,1.8,1.8,0.7,0.7,0.4,0.5,西奥-平森,21.6%,15.2,0,28.6%,1.5,2.6,BKN
19,6.4,4.0,1.5,8.4,92.9%,0.2,1.8,1.5,1.8,2.7,1.5,1.4,0.3,0.6,塞斯-库里,38.2%,21.4,9,43.0%,0.8,1.6,DAL
22,6.4,4.3,1.2,8.3,85.2%,0.1,1.2,2.0,2.1,2.8,1.6,1.0,0.1,0.5,韦斯利-马修斯,36.8%,24.1,22,44.3%,0.8,1.4,MIL
14,6.5,0.1,2.4,8.9,70.6%,0.4,1.9,3.1,5.9,3.6,0.0,1.7,2.8,0.7,朗戴-霍利斯-杰弗森,0.0%,21.3,0,54.9%,1.2,1.6,TOR
19,6.5,1.2,1.2,7.0,72.7%,0.3,0.8,1.6,1.8,2.8,0.5,0.8,0.2,0.5,蒙特-莫里斯,40.9%,17.4,0,43.5%,0.6,3.4,DEN
21,6.5,1.5,1.2,6.0,72.0%,0.1,0.9,1.5,1.5,2.4,0.3,0.9,0.0,0.8,泰尔斯-琼斯,18.8%,20.3,4,37.2%,1.3,4.7,MEM
22,6.5,1.6,1.7,7.5,48.6%,0.5,2.3,3.6,4.7,3.1,0.4,0.8,1.1,1.5,德安德烈-本布里,25.7%,26.5,4,48.6%,1.5,2.9,ATL
22,6.5,2.1,0.6,6.4,69.2%,0.3,3.4,2.6,3.1,2.8,0.4,0.4,0.5,1.9,克里斯-邓恩,19.1%,21.1,3,42.7%,1.0,3.1,CHI
15,6.5,3.1,0.5,7.0,85.7%,0.1,1.1,1.1,1.4,2.6,1.4,0.4,0.3,0.5,马里克-比斯利,44.7%,16.0,0,39.8%,1.1,1.1,DEN
22,6.5,3.6,2.5,8.0,79.6%,0.5,1.8,2.5,2.9,2.5,1.1,2.0,0.4,0.5,杰夫-格林,31.6%,19.0,2,37.5%,1.1,0.6,UTA
20,6.5,4.0,1.4,8.4,89.3%,0.7,2.0,4.2,5.9,2.8,1.5,1.3,1.7,0.3,马克西-克勒贝尔,38.0%,25.1,5,43.4%,0.7,1.1,DAL
22,6.6,2.1,1.8,7.9,82.5%,0.8,1.2,3.4,5.7,2.8,0.7,1.5,2.3,0.7,奥马里-斯佩尔曼,34.0%,18.5,0,42.8%,1.4,1.0,GSW
21,6.6,4.1,1.1,8.2,82.6%,0.6,1.8,3.4,3.8,2.8,1.7,0.9,0.4,1.0,贾斯汀-霍勒迪,40.7%,25.4,2,42.8%,0.6,1.6,IND
20,6.7,3.2,1.5,7.1,80.0%,0.1,1.5,1.2,1.5,2.5,1.0,1.2,0.3,0.5,弗兰克-杰克逊,31.3%,15.3,1,36.8%,1.0,1.1,NOH
21,6.7,3.5,1.6,8.4,70.6%,0.4,2.0,3.1,5.0,3.1,1.1,1.1,1.8,0.6,多里安-芬尼-史密斯,31.1%,26.8,18,46.1%,1.0,1.0,DAL
22,6.7,4.4,1.4,7.2,73.3%,0.1,2.3,4.0,4.2,2.4,1.4,1.0,0.2,0.8,乔-英格尔斯,30.9%,27.6,2,35.8%,1.5,3.6,UTA
5,6.8,1.6,1.2,7.2,83.3%,0.0,2.0,2.2,2.8,2.6,1.0,1.0,0.6,2.0,埃尔弗里德-佩顿,62.5%,22.6,3,38.2%,2.2,3.4,NYK
22,6.8,2.9,0.9,8.0,80.0%,0.2,1.7,1.7,2.2,3.1,1.1,0.7,0.5,0.8,肯塔维奥斯-卡德维尔-波普,39.1%,23.7,12,45.3%,0.9,1.5,LAL
19,6.8,3.1,1.2,6.3,81.8%,0.1,2.4,2.7,3.7,2.4,0.6,0.9,1.1,0.7,特雷沃恩-格拉汉姆,20.3%,23.8,17,34.6%,0.6,1.2,MIN
11,6.8,3.3,1.5,7.1,88.2%,0.0,1.7,2.9,3.1,2.4,1.0,1.4,0.2,0.4,格雷森-艾伦,30.6%,19.0,0,34.7%,1.1,1.6,MEM
21,6.8,3.7,2.2,7.9,66.0%,0.3,1.7,2.5,3.0,2.5,1.3,1.5,0.5,0.5,凯文-诺克斯,35.9%,20.3,3,37.1%,0.7,1.2,NYK
21,6.8,4.0,1.4,9.2,86.2%,0.4,2.7,4.1,5.1,3.2,1.7,1.2,1.0,1.0,凯利-奥利尼克,42.2%,23.5,0,47.2%,1.4,1.5,MIA
21,6.9,4.4,1.0,10.1,80.0%,0.5,3.3,4.9,6.5,3.7,2.0,0.8,1.6,1.5,PJ-塔克,46.2%,35.7,21,53.1%,1.0,1.5,HOU
21,7.0,0.0,4.4,12.0,59.8%,1.3,2.6,7.0,10.6,4.7,0.0,2.6,3.6,0.7,贾莱特-阿伦,0.0%,26.6,18,67.1%,1.1,1.2,BKN
22,7.0,1.6,1.7,7.5,54.1%,0.5,2.7,3.3,4.0,3.0,0.5,0.9,0.7,1.0,布鲁斯-布朗,33.3%,26.5,18,43.1%,1.9,3.5,DET
11,7.0,4.1,1.4,8.5,80.0%,0.4,2.0,2.7,3.3,2.9,1.5,1.1,0.5,0.6,凯文-许尔特,37.8%,21.9,3,41.6%,1.5,2.7,ATL
22,7.0,5.0,0.5,8.3,72.7%,0.5,2.4,2.9,3.6,3.0,1.9,0.4,0.7,1.2,丹尼-格林,38.5%,25.4,22,42.6%,1.0,1.2,LAL
1,7.0,5.0,2.0,7.0,100.0%,2.0,2.0,2.0,2.0,2.0,1.0,2.0,0.0,1.0,Tremont Waters,20.0%,20.0,0,28.6%,2.0,3.0,BOS
18,7.2,3.8,0.8,6.5,71.4%,0.1,1.4,2.1,2.3,2.3,1.3,0.6,0.2,0.3,尼基尔-亚历山大-沃克,33.3%,14.0,0,32.6%,1.2,2.1,NOH
22,7.3,3.5,1.8,7.7,77.5%,0.8,2.9,4.0,4.4,2.5,1.2,1.4,0.4,1.0,肯特-贝兹莫尔,35.5%,22.3,2,35.0%,1.4,1.7,POR
20,7.3,4.3,1.2,7.5,60.9%,0.6,3.8,4.8,6.2,2.8,1.3,0.7,1.4,1.5,帕特里克-贝弗利,29.1%,29.8,20,37.9%,1.5,3.3,LAC
21,7.3,4.3,1.3,8.5,71.4%,0.1,2.0,2.0,2.8,3.0,1.4,1.0,0.8,0.5,奥斯汀-里弗斯,33.0%,24.9,1,41.6%,0.7,1.5,HOU
19,7.3,4.8,0.9,9.3,94.1%,0.3,1.8,2.1,2.9,3.2,2.0,0.8,0.9,0.5,卡麦隆-约翰逊,41.8%,19.6,0,44.2%,0.7,0.8,PHO
17,7.4,0.0,2.6,10.4,51.1%,1.0,1.9,6.1,8.9,4.5,0.0,1.4,2.8,0.5,史蒂文-亚当斯,"",26.4,17,61.1%,1.4,2.8,OKC
12,7.4,2.8,0.9,8.8,72.7%,0.0,1.1,3.3,3.6,3.3,1.4,0.7,0.3,0.9,拉简-朗多,50.0%,21.4,0,44.9%,1.8,6.1,LAL
21,7.4,3.7,0.7,8.8,85.7%,0.1,1.8,2.2,2.7,3.3,1.6,0.6,0.4,0.1,道格-迈克德莫特,43.6%,20.6,0,44.2%,0.8,1.0,IND
20,7.5,2.5,2.6,10.2,78.8%,0.7,2.5,1.8,2.3,3.6,1.0,2.1,0.6,0.5,德里克-怀特,40.8%,24.1,8,47.3%,1.2,3.0,SAS
21,7.5,4.7,1.0,9.0,81.0%,0.2,1.7,2.0,2.2,3.2,1.7,0.8,0.2,0.3,富尔坎-科尔克马兹,36.7%,22.9,9,43.0%,0.8,0.8,PHI
14,7.6,2.6,1.9,8.3,74.1%,0.5,2.6,5.9,6.3,3.1,0.7,1.4,0.4,1.4,德雷蒙德-格林,27.8%,27.6,14,40.2%,2.1,5.6,GSW
19,7.6,3.8,1.1,8.6,70.0%,0.2,1.7,3.4,4.3,3.3,1.3,0.7,0.8,1.4,丹特-迪文森佐,34.7%,20.9,10,42.8%,1.1,1.6,MIL
12,7.7,1.1,1.5,8.8,61.1%,0.3,2.4,2.7,3.8,3.8,0.2,0.9,1.2,1.5,哈米杜-迪亚洛,15.4%,21.5,1,50.0%,1.2,0.8,OKC
22,7.7,3.0,1.8,9.7,87.5%,0.1,2.1,2.5,3.4,3.5,1.2,1.6,0.9,1.5,托马斯-萨托兰斯基,40.3%,26.9,22,44.7%,2.1,5.4,CHI
10,7.7,5.8,1.0,9.1,100.0%,0.1,3.1,1.5,1.5,3.0,2.1,1.0,0.0,0.4,兰德里-沙梅特,36.2%,29.4,10,39.0%,1.2,1.7,LAC
21,7.7,6.6,1.3,9.2,85.2%,0.2,1.9,2.0,2.3,3.0,2.2,1.1,0.4,0.7,本-麦克莱默,33.8%,21.6,7,38.5%,0.7,1.0,HOU
18,7.8,3.3,1.7,10.8,71.0%,0.5,1.6,5.4,7.4,4.2,1.3,1.2,2.0,1.0,拉里-南斯 Jr.,39.0%,25.9,3,53.6%,0.9,1.5,CLE
20,7.9,0.0,2.4,12.4,77.1%,1.4,4.2,5.7,8.4,5.3,0.0,1.9,2.7,0.8,理查恩-福尔摩斯,"",27.9,16,66.9%,1.0,0.9,SAC
23,7.9,2.5,0.9,8.9,95.0%,0.1,2.0,2.2,2.8,3.5,1.0,0.8,0.6,1.0,凯-鲍曼,39.7%,23.7,6,44.8%,1.3,2.7,GSW
19,7.9,3.3,2.1,9.5,59.0%,0.5,1.7,2.9,3.5,3.6,1.1,1.2,0.6,0.3,杰拉米-格兰特,33.9%,22.1,0,45.3%,0.7,1.1,DEN
20,8.0,0.0,5.8,14.0,61.2%,1.9,3.2,10.1,13.5,5.2,0.0,3.6,3.4,0.8,鲁迪-戈波特,"",34.1,20,65.4%,2.2,1.2,UTA
4,8.0,3.3,0.5,10.8,100.0%,0.3,0.3,1.3,1.5,4.0,2.3,0.5,0.3,0.5,何塞-巴里亚,69.2%,13.8,0,50.0%,1.0,3.0,DAL
21,8.0,6.6,0.8,11.2,93.8%,0.4,2.7,2.8,2.9,3.8,2.9,0.7,0.1,0.7,邓肯-鲁宾逊,43.5%,25.4,16,47.9%,0.7,0.8,MIA
18,8.1,1.2,1.3,11.8,82.6%,0.9,1.7,4.6,5.9,5.1,0.6,1.1,1.3,0.5,布兰登-克拉克,45.5%,21.2,2,63.0%,1.1,1.3,MEM
22,8.1,3.8,1.5,10.4,75.0%,0.2,2.4,3.2,3.7,3.9,1.5,1.1,0.5,0.6,马基夫-莫里斯,41.0%,22.1,12,47.5%,1.6,1.6,DET
21,8.2,3.3,2.4,9.6,88.2%,0.0,1.1,2.0,2.5,3.2,1.0,2.1,0.5,0.6,DJ-奥古斯丁,31.9%,25.7,5,38.7%,1.4,4.6,ORL
19,8.3,1.3,2.3,9.5,76.7%,0.3,2.3,4.8,6.1,3.7,0.3,1.7,1.2,1.5,德章泰-穆雷,20.8%,22.0,13,44.9%,2.2,4.1,SAS
11,8.3,3.2,3.0,10.0,84.8%,0.0,1.6,3.1,3.9,3.2,1.1,2.5,0.8,0.7,达米恩-李,34.3%,21.8,0,38.5%,1.2,1.8,GSW
20,8.3,3.8,1.3,10.9,52.0%,0.9,2.5,4.5,5.4,4.3,1.6,0.7,0.9,1.3,OG-阿奴诺比,42.7%,29.4,20,52.1%,1.2,1.8,TOR
23,8.3,3.9,1.4,9.6,84.8%,0.2,1.7,2.4,2.7,3.7,1.0,1.2,0.3,0.4,马利克-蒙克,27.0%,21.1,0,44.0%,1.5,2.3,CHA
10,8.4,2.8,0.8,9.6,75.0%,0.1,2.6,2.5,3.2,4.1,0.8,0.6,0.7,1.0,艾弗里-布拉德利,28.6%,27.6,10,48.8%,1.1,1.8,LAL
20,8.4,4.4,1.4,9.8,67.9%,0.3,2.4,3.2,3.6,3.6,1.6,1.0,0.5,1.0,赛迪-奥斯曼,36.8%,30.0,20,42.9%,1.3,2.1,CLE
22,8.4,4.9,1.5,11.0,82.4%,0.2,1.5,1.3,1.5,3.9,2.0,1.3,0.2,0.9,帕特里克-米尔斯,42.1%,22.9,1,45.9%,1.0,2.2,SAS
21,8.4,6.0,1.2,10.1,76.0%,0.6,2.1,2.7,3.1,3.5,2.2,0.9,0.5,1.0,加内特-坦普尔,36.8%,27.2,12,42.0%,1.0,2.2,BKN
20,8.5,1.7,2.5,11.0,65.3%,0.4,2.5,4.8,7.8,4.4,0.6,1.6,3.1,0.5,科迪-泽勒,35.3%,23.8,17,52.1%,1.6,1.2,CHA
17,8.5,2.4,1.6,7.2,67.9%,0.1,1.8,2.2,2.7,2.8,0.6,1.1,0.5,0.8,德维恩-培根,25.0%,20.4,10,32.6%,1.1,1.2,CHA
15,8.5,5.9,2.5,12.6,81.1%,0.7,2.1,3.3,4.3,4.0,2.6,2.0,1.0,1.2,丹纽尔-豪斯,43.8%,29.5,13,47.2%,0.9,1.3,HOU
22,8.6,0.7,4.0,12.7,69.7%,0.9,4.0,6.3,9.9,4.9,0.1,2.8,3.6,0.7,温德尔-卡特,13.3%,29.4,22,56.8%,1.6,0.9,CHI
20,8.6,3.6,1.4,11.5,77.8%,0.2,2.3,3.0,3.5,4.4,1.8,1.1,0.5,0.8,罗德尼-胡德,49.3%,30.5,20,50.9%,1.0,1.6,POR
5,8.6,3.6,1.6,5.2,87.5%,0.2,1.8,4.0,4.6,1.8,0.2,1.4,0.6,1.6,卡梅隆-雷迪什,5.6%,25.2,5,20.9%,2.0,2.2,ATL
20,8.6,5.0,2.1,10.4,92.9%,2.5,2.3,4.4,5.0,3.5,1.5,2.0,0.6,0.8,布鲁克-洛佩斯,29.3%,26.6,20,40.9%,1.1,1.5,MIL
22,8.7,3.3,1.3,8.8,58.6%,0.3,1.6,2.6,4.3,3.5,1.1,0.8,1.7,1.0,赛迪斯-杨,32.9%,21.2,0,39.8%,1.6,1.6,CHI
19,8.7,3.8,0.5,8.8,90.0%,0.1,1.6,2.1,2.5,3.4,1.5,0.5,0.5,0.9,阿龙-霍勒迪,38.4%,21.3,8,39.4%,1.4,2.8,IND
16,8.8,2.4,4.9,11.8,85.9%,0.3,2.2,2.2,2.6,3.5,0.6,4.2,0.4,0.9,杰夫-蒂格,25.6%,29.0,11,40.0%,2.1,7.4,MIN
22,8.8,2.9,1.1,8.9,72.0%,0.3,1.8,4.2,5.8,3.5,1.0,0.8,1.6,0.7,鲍比-波蒂斯,36.5%,22.0,2,39.9%,1.0,1.1,NYK
16,8.8,3.4,1.4,9.6,63.6%,0.1,1.7,2.4,3.2,3.7,1.3,0.9,0.8,0.5,伊托万-摩尔,38.2%,20.4,3,42.1%,0.7,1.4,NOH
20,8.8,4.1,0.8,10.9,93.3%,0.6,2.9,4.8,6.7,4.2,1.8,0.7,1.9,0.9,内曼加-别利卡,42.7%,26.4,19,47.7%,1.7,2.6,SAC
21,8.9,3.7,3.2,11.0,67.2%,0.4,2.1,4.3,5.3,3.9,1.1,2.1,1.0,0.4,弗兰克-卡明斯基,31.2%,24.1,8,43.5%,1.1,2.1,PHO
22,8.9,4.1,1.7,10.0,73.0%,0.1,2.0,1.6,1.8,3.7,1.4,1.2,0.2,0.5,安芬尼-西蒙斯,33.0%,21.6,1,41.3%,1.1,1.6,POR
22,8.9,5.8,2.3,12.6,90.0%,0.3,1.2,1.8,2.1,4.0,2.5,2.0,0.4,0.6,兰斯顿-加洛韦,44.1%,27.9,6,45.1%,0.8,1.6,DET
15,8.9,6.1,2.3,11.7,76.5%,0.4,2.8,5.3,6.5,3.9,2.3,1.7,1.1,1.1,约什-哈特,37.0%,27.6,4,43.3%,1.3,1.3,NOH
21,83.2,32.9,25.5,111.0,75.9%,4.6,22.1,35.9,44.9,39.4,12.8,19.3,9.0,8.6,全队数据,38.8%,6,15,47.4%,17.0,25.0,MIA
22,83.3,26.1,25.6,104.4,72.3%,4.1,21.8,32.0,39.5,38.3,9.4,18.5,7.5,7.9,对手数据,35.9%,15,7,46.0%,14.9,20.4,PHI
22,83.5,35.0,26.6,111.3,73.9%,4.4,20.6,35.7,45.8,39.0,13.5,19.7,10.0,6.9,对手数据,38.6%,4,18,46.7%,14.3,24.0,NYK
20,83.6,32.1,23.0,108.8,78.6%,4.7,19.2,33.4,42.2,39.7,11.5,18.1,8.8,8.5,对手数据,35.7%,8,12,47.4%,15.0,23.4,SAC
20,84.1,30.1,23.8,107.1,78.8%,4.7,20.0,34.6,42.4,38.9,10.7,18.8,7.8,7.3,全队数据,35.4%,12,8,46.2%,13.9,22.1,OKC
22,84.5,31.7,22.2,108.8,73.8%,5.2,19.6,33.2,42.7,40.0,12.5,16.4,9.5,6.6,全队数据,39.5%,14,8,47.3%,15.5,25.5,DET
22,85.1,33.0,27.2,109.6,75.6%,6.8,21.6,37.5,48.6,39.1,10.8,20.5,11.1,8.3,对手数据,32.6%,8,14,46.0%,17.6,24.6,CHI
21,85.5,36.9,25.4,105.7,76.5%,3.9,22.8,31.8,41.0,37.3,11.7,19.4,9.2,8.8,对手数据,31.6%,15,6,43.6%,15.9,23.5,MIA
21,86.0,32.0,19.8,103.4,75.7%,4.1,19.7,35.5,44.5,38.7,11.0,15.0,9.0,7.0,对手数据,34.6%,10,11,44.9%,13.8,23.2,ORL
22,86.1,30.0,25.3,100.5,67.3%,4.7,23.8,32.2,44.1,36.4,10.7,17.0,11.9,7.8,全队数据,35.8%,18,4,42.2%,14.8,19.8,NYK
22,86.2,29.5,23.1,108.8,74.8%,5.7,22.9,36.6,46.3,40.4,10.7,17.3,9.7,8.8,全队数据,36.2%,7,15,46.9%,16.0,26.0,PHI
19,86.4,33.2,23.3,101.4,73.8%,4.8,21.0,35.5,45.1,37.1,10.2,17.2,9.6,7.4,对手数据,30.6%,14,5,42.9%,13.9,23.9,DEN
20,86.7,34.7,19.5,104.9,77.7%,4.9,22.3,31.8,41.8,38.8,12.2,15.2,10.1,7.7,全队数据,35.1%,12,8,44.8%,15.1,22.9,SAC
23,86.7,35.6,20.5,105.4,73.2%,4.3,19.5,31.4,42.0,38.7,13.0,15.0,10.5,6.8,全队数据,36.4%,14,9,44.7%,15.1,24.2,CHA
20,86.7,36.0,22.4,103.9,73.7%,5.9,22.5,35.9,47.0,37.6,12.3,16.5,11.1,5.9,对手数据,34.2%,15,5,43.3%,15.9,22.9,BOS
21,86.8,32.2,26.2,114.1,77.3%,5.7,24.4,36.0,45.3,41.0,11.9,20.2,9.3,7.8,对手数据,37.0%,10,11,47.3%,16.7,24.9,PHO
21,87.0,31.8,21.3,104.4,78.1%,4.8,19.3,33.4,42.4,38.3,11.1,16.6,9.0,6.7,对手数据,34.9%,14,7,44.1%,14.5,22.5,IND
20,87.3,31.8,22.1,104.2,77.8%,3.2,17.9,33.7,44.0,38.1,10.9,17.2,10.3,7.3,全队数据,34.2%,15,5,43.6%,14.5,20.4,CLE
22,87.5,33.1,20.7,103.3,79.8%,3.3,21.1,32.7,42.5,37.8,11.1,16.5,9.8,8.1,对手数据,33.6%,19,3,43.2%,15.9,23.2,LAL
22,87.6,29.9,20.6,108.8,77.5%,4.9,19.8,31.8,41.4,40.9,11.0,16.0,9.5,8.4,对手数据,36.8%,8,14,46.7%,13.4,25.0,DET
21,87.8,30.8,22.0,103.5,77.9%,6.6,18.7,35.0,45.8,38.1,10.1,17.1,10.8,8.1,全队数据,33.0%,11,10,43.5%,13.1,22.5,ORL
21,87.9,36.6,22.6,112.9,80.6%,5.1,21.4,36.9,46.1,40.2,14.2,18.2,9.2,8.2,全队数据,38.9%,6,15,45.8%,14.4,25.8,TOR
23,88.3,34.3,18.5,112.8,75.3%,4.3,20.3,35.3,45.6,43.1,12.7,13.9,10.3,8.7,对手数据,37.1%,9,14,48.8%,14.7,27.6,CHA
22,88.4,29.7,22.0,112.3,73.4%,7.4,19.9,35.4,45.5,42.7,10.7,16.2,10.0,8.6,全队数据,36.1%,3,19,48.3%,14.5,26.5,LAL
23,88.6,28.4,23.4,104.9,83.1%,4.6,19.0,32.9,43.2,38.1,9.2,19.5,10.3,7.8,全队数据,32.5%,19,4,43.0%,14.0,23.8,GSW
22,88.7,32.2,23.6,108.0,74.6%,4.9,22.8,31.5,41.7,40.2,10.0,17.6,10.2,8.8,全队数据,31.2%,17,5,45.3%,17.2,23.3,ATL
22,88.8,34.8,26.7,117.8,79.2%,7.6,21.6,33.4,45.4,41.9,12.8,21.1,12.0,9.0,对手数据,36.8%,5,17,47.2%,16.0,24.3,ATL
21,89.2,35.6,24.7,115.6,81.1%,4.0,23.1,33.0,42.1,41.3,13.0,20.0,9.1,8.0,全队数据,36.5%,11,10,46.3%,13.9,28.2,PHO
20,89.3,30.2,20.1,108.3,80.8%,4.8,22.6,35.4,45.7,40.7,10.6,16.3,10.4,7.2,对手数据,35.1%,8,12,45.6%,14.0,22.7,OKC
23,89.5,34.2,20.9,114.7,76.0%,5.8,20.2,35.1,46.0,42.6,13.6,15.9,10.9,7.7,对手数据,39.8%,4,19,47.6%,14.4,25.9,GSW
22,89.5,34.8,24.8,107.8,76.0%,4.9,24.1,34.4,45.3,38.4,12.1,18.9,11.0,8.1,对手数据,34.7%,16,6,42.9%,15.0,22.2,LAC
22,89.5,35.3,24.0,106.4,74.9%,4.1,22.8,33.2,43.9,38.0,12.3,18.0,10.7,9.5,全队数据,34.7%,14,8,42.5%,15.0,22.8,CHI
20,89.8,33.0,17.7,112.8,75.4%,7.0,21.1,35.2,45.0,43.6,12.3,13.3,9.8,8.1,对手数据,37.3%,5,15,48.6%,13.0,26.0,CLE
21,9.0,0.3,5.5,13.9,65.5%,1.2,2.5,8.0,10.4,5.1,0.0,3.6,2.4,1.4,埃德里斯-阿德巴约,16.7%,32.6,21,56.3%,2.9,4.0,MIA
23,9.0,3.0,2.1,11.7,65.3%,0.7,2.7,4.1,5.0,4.5,1.3,1.4,0.9,1.1,P.J.华盛顿,42.9%,27.9,23,50.0%,1.2,1.7,CHA
22,9.1,3.2,2.5,11.4,88.9%,0.6,1.5,4.6,5.9,4.2,0.9,2.2,1.3,0.4,鲁迪-盖伊,27.1%,23.2,3,46.0%,1.6,1.9,SAS
14,9.1,3.9,2.1,9.1,72.4%,0.4,1.8,2.6,3.3,3.2,1.2,1.5,0.7,0.8,卡姆-雷迪什,30.9%,24.4,11,35.4%,1.5,1.4,ATL
21,9.1,6.6,2.0,10.8,70.7%,0.4,2.0,5.2,6.0,3.6,2.2,1.4,0.8,0.8,杰-克劳德,33.3%,31.1,21,39.8%,1.4,2.8,MEM
21,9.2,4.6,1.7,10.8,86.1%,0.5,2.7,5.2,7.0,3.9,1.6,1.5,1.8,0.9,达里奥-萨里奇,34.4%,27.9,21,42.0%,1.4,2.0,PHO
18,9.3,4.4,2.2,11.1,69.2%,0.4,1.8,3.0,3.4,4.0,1.6,1.5,0.4,0.3,凯尔-库兹马,35.0%,22.7,1,43.1%,1.8,0.8,LAL
9,9.3,4.4,2.2,11.2,75.0%,0.3,2.2,2.6,3.4,3.9,1.8,1.7,0.9,1.0,奥托-波特,40.0%,25.0,9,41.7%,0.8,1.6,CHI
14,9.4,3.9,0.7,10.5,60.0%,0.6,2.2,2.1,2.9,4.4,1.4,0.4,0.9,0.9,杰克-莱曼,35.2%,26.4,2,46.2%,1.3,0.8,MIN
19,9.4,5.7,2.2,12.6,88.1%,1.0,2.9,4.6,5.4,4.3,2.2,1.9,0.7,1.3,罗波特-考文顿,37.6%,27.4,19,45.5%,1.5,1.2,MIN
19,9.5,2.5,3.7,13.7,87.1%,0.8,2.8,3.9,5.9,4.6,1.2,3.2,2.1,0.9,保罗-米尔萨普,47.9%,26.2,19,48.6%,1.2,1.4,DEN
13,9.6,4.1,2.4,12.2,74.2%,2.2,2.6,4.4,5.9,4.4,1.6,1.8,1.5,0.5,迈尔斯-特纳,39.6%,30.7,13,45.6%,1.6,1.0,IND
20,9.7,4.0,2.2,9.3,43.2%,0.6,2.1,2.4,3.5,3.6,1.1,1.0,1.1,0.9,贾勒特-卡尔弗,27.8%,24.1,10,37.3%,1.4,2.5,MIN
19,9.7,4.1,1.5,10.8,75.9%,0.3,2.1,2.5,3.1,4.1,1.5,1.2,0.5,1.3,加里-哈里斯,36.4%,31.7,19,42.2%,0.9,1.7,DEN
13,9.7,4.4,2.6,14.7,70.6%,0.7,3.9,4.2,5.8,5.5,1.9,1.8,1.5,0.3,阿隆-贝恩斯,43.9%,24.1,12,56.3%,1.1,2.9,PHO
23,9.8,5.1,2.1,8.2,85.4%,0.3,1.9,2.1,2.3,2.6,1.3,1.8,0.2,0.6,乔丹-普尔,24.8%,24.8,9,26.1%,1.2,2.1,GSW
21,90.0,40.5,25.9,118.0,77.7%,4.6,19.5,36.8,47.8,41.6,14.6,20.1,11.0,6.6,全队数据,36.1%,6,15,46.2%,12.4,24.3,DAL
21,90.2,35.6,25.7,116.5,78.3%,6.4,19.6,36.2,46.0,41.7,13.0,20.1,9.8,7.8,对手数据,36.7%,6,15,46.2%,14.5,25.1,MEM
22,90.3,32.7,26.5,115.5,77.5%,5.5,23.3,37.4,49.1,41.6,11.8,20.5,11.7,7.5,全队数据,36.0%,6,16,46.0%,15.5,23.5,LAC
20,90.4,35.1,23.6,110.8,80.1%,5.8,21.3,35.5,46.5,39.9,12.2,18.9,11.0,9.0,全队数据,34.8%,5,15,44.1%,12.4,23.6,BOS
21,90.5,26.5,17.8,109.9,81.8%,5.0,21.0,34.7,44.7,42.8,9.7,14.5,10.0,6.9,全队数据,36.7%,7,14,47.3%,13.4,24.8,IND
19,90.5,30.0,20.4,107.3,73.6%,5.0,20.9,36.0,47.0,40.8,10.7,15.0,11.0,8.0,全队数据,35.8%,5,14,45.1%,13.3,26.5,DEN
22,90.6,25.9,23.4,112.0,78.2%,5.7,19.2,35.2,45.7,42.3,9.1,18.3,10.5,6.4,全队数据,35.3%,14,8,46.6%,13.3,24.5,SAS
22,90.7,34.9,26.1,119.7,80.1%,4.7,20.5,36.3,46.5,42.9,13.1,20.9,10.2,7.8,对手数据,37.5%,6,16,47.2%,15.2,25.4,NOH
22,90.8,32.6,22.5,116.0,78.6%,5.0,20.8,35.9,45.2,42.9,12.5,17.7,9.3,7.1,对手数据,38.4%,8,14,47.2%,12.7,26.0,SAS
21,90.8,37.6,24.0,113.0,74.2%,5.2,22.1,36.4,47.1,41.0,13.2,17.8,10.7,6.9,全队数据,35.2%,10,11,45.2%,15.3,23.9,BKN
22,91.2,40.0,26.2,121.1,71.9%,6.2,20.4,41.7,51.8,44.1,14.1,18.8,10.1,7.4,全队数据,35.3%,3,19,48.4%,14.5,25.6,MIL
21,91.5,46.4,29.6,120.8,79.2%,4.6,22.7,36.5,48.1,40.7,16.0,23.4,11.6,8.8,全队数据,34.4%,7,14,44.5%,15.3,22.0,HOU
21,91.6,33.9,21.0,109.4,75.0%,3.9,22.6,34.5,45.8,41.0,11.8,15.7,11.3,7.2,对手数据,34.7%,15,6,44.7%,12.5,23.1,DAL
22,91.8,33.4,21.7,113.5,81.4%,6.2,23.3,36.5,46.6,41.7,12.3,17.7,10.1,5.9,全队数据,36.9%,13,9,45.5%,13.5,20.3,POR
21,92.0,31.3,19.5,108.5,77.6%,5.3,22.4,35.2,45.6,41.3,10.8,15.1,10.4,7.7,全队数据,34.6%,15,6,44.9%,15.4,26.5,MEM
22,92.0,33.9,27.9,114.8,78.5%,5.5,20.1,36.5,48.3,40.6,11.7,21.9,11.8,7.7,对手数据,34.5%,9,13,44.2%,13.2,23.5,POR
22,92.2,39.3,21.6,114.5,73.7%,5.1,23.1,34.2,44.8,41.8,14.9,16.0,10.5,8.1,全队数据,37.9%,16,6,45.4%,15.9,24.9,NOH
20,92.2,39.3,26.7,113.7,76.0%,6.6,21.9,37.2,48.4,40.3,13.0,20.3,11.2,8.2,全队数据,33.0%,10,10,43.7%,15.0,23.7,MIN
21,92.3,38.7,22.2,105.7,75.3%,5.9,20.8,35.8,49.1,37.9,13.1,16.7,13.3,6.9,对手数据,34.0%,15,6,41.1%,15.7,24.9,TOR
21,92.7,36.7,23.4,115.2,75.0%,4.5,23.2,35.8,46.7,42.3,13.0,17.6,11.0,8.5,对手数据,35.3%,14,7,45.7%,15.7,26.1,HOU
20,93.7,32.4,24.5,114.8,76.9%,5.4,22.8,36.7,47.8,42.1,11.8,18.9,11.2,7.5,对手数据,36.5%,10,10,44.9%,14.7,24.3,MIN
21,93.9,32.8,23.8,113.9,77.8%,5.0,21.6,35.0,46.1,41.8,11.7,18.5,11.2,8.2,对手数据,35.8%,11,10,44.5%,13.4,21.8,BKN
22,93.9,38.5,21.1,108.2,75.0%,4.1,22.5,36.3,46.1,39.0,14.3,15.8,9.9,6.3,对手数据,37.1%,19,3,41.6%,14.1,23.9,MIL
